danceability,energy,speechiness,liveness,valence,tempo,label
0.7335,0.8216,0.1600,0.2709,0.6649,120.3676,1
0.5572,0.7114,0.1235,0.0675,0.2439,96.5740,-1
0.5569,0.0043,0.0503,0.0678,0.1590,86.2987,-1
0.5481,0.2745,0.0403,0.1068,0.5965,131.2489,-1
0.5235,0.5864,0.0064,0.1473,0.5903,132.6724,-1
0.4935,0.0395,0.0548,0.1569,0.2293,149.2555,-1
0.3589,0.3391,-0.0182,0.0950,0.1695,133.4267,-1
0.7558,0.4812,0.0281,0.0838,0.1852,129.6102,1
0.4489,0.7683,0.0298,0.3302,0.3401,143.0085,-1
0.3617,0.3006,0.0444,0.2581,0.4466,100.1141,-1
0.3902,-0.0443,0.0315,0.0906,0.3477,139.0338,-1
0.3530,0.0822,0.0048,0.1661,0.0659,106.2516,-1
0.3599,0.1127,0.0242,0.1081,0.0998,128.0704,-1
0.4717,0.5532,0.0675,0.1442,0.2404,172.0552,-1
0.5700,0.4057,0.0854,0.1194,0.5900,132.7402,-1
0.6123,0.4818,0.0312,0.1481,1.0396,116.9732,-1
0.1631,0.0183,0.0391,0.2273,0.0506,156.9448,-1
0.4135,-0.0337,0.0682,0.1819,0.3219,62.6421,-1
0.8012,0.9525,0.0378,0.0643,0.4600,120.1493,1
0.5574,0.5273,0.0422,0.3901,0.9102,96.7683,1
0.5493,0.2474,0.1013,0.0844,-0.0521,99.7057,-1
0.4369,0.6263,0.0361,0.2332,0.4470,126.1114,1
0.6963,0.8306,0.0116,0.2130,0.1577,134.1649,1
0.5708,0.3012,0.1796,0.3409,0.2835,80.5031,-1
0.4832,0.6249,0.0343,0.1951,0.2752,146.2135,1
0.2955,0.0625,0.0500,0.1127,0.1053,88.6094,-1
0.4153,0.6098,0.0184,0.1604,0.2313,73.5273,-1
0.4225,0.2577,0.0559,0.0420,0.3018,200.9002,-1
0.3394,0.1052,0.0850,0.1444,-0.0264,153.6550,-1
0.4566,0.1300,0.0597,0.0822,0.4263,168.6152,-1
0.5383,0.2391,0.0514,0.0276,0.0966,126.9027,-1
0.3963,-0.0066,0.0122,0.0812,0.3526,84.4984,-1
0.4383,0.2309,0.0401,0.0717,0.6148,133.7233,-1
0.5009,0.6650,-0.0185,0.0709,0.2280,69.5723,-1
0.6106,0.2546,0.0347,0.0982,0.4942,79.8395,-1
0.5608,0.3981,0.2876,0.1088,0.5234,87.0828,-1
0.7213,0.9167,0.0478,0.1281,0.1731,132.5024,1
0.2994,0.8097,0.0595,0.9143,0.4117,91.0369,-1
0.1855,0.0883,0.0414,0.1203,0.1227,70.8962,-1
0.4577,0.3865,0.0172,0.1260,0.4335,116.9802,-1
0.4294,0.7211,0.0444,0.3697,0.3721,120.7325,-1
0.6184,0.5000,0.0386,0.3994,0.2933,108.9980,1
0.4623,-0.0257,0.0949,0.1832,0.2642,70.6470,-1
0.2432,0.1862,0.0375,0.1216,0.1672,90.0936,-1
0.4521,-0.0337,0.0587,0.1724,0.1378,114.0323,1
0.7765,0.7211,0.0340,0.2191,0.9682,98.9942,-1
0.7883,0.3690,0.3852,0.7251,0.6849,167.0525,-1
0.8341,0.2923,0.0986,0.1008,0.1580,91.6801,-1
0.5239,0.9720,0.0469,0.8825,-0.0673,78.2268,-1
0.0881,1.0064,0.2178,0.1791,0.3083,187.6283,1
0.4640,0.6664,0.0481,0.2728,0.4142,106.5975,1
0.1830,-0.0573,0.0519,0.1833,-0.0148,68.5886,-1
0.5456,0.4538,0.0593,0.2663,0.8090,71.2720,-1
0.5772,0.6708,0.0298,0.5576,0.6849,70.9629,-1
0.7228,0.7805,0.0963,0.1828,0.7058,110.9252,-1
0.9909,0.5240,0.0476,0.2078,0.6557,128.5567,1
0.5916,0.4631,0.0565,0.1560,0.2380,78.2070,-1
0.5598,0.8140,0.0667,0.1796,0.2797,86.0461,1
0.7203,0.3482,0.0803,0.2311,0.6086,87.9281,-1
0.4911,0.7412,0.1409,0.1932,0.5029,148.9966,-1
0.0366,0.0899,0.0658,0.1030,0.0423,68.7093,-1
0.5848,0.4769,0.0439,0.1343,0.1566,80.9418,-1
0.7035,0.9546,0.0592,0.0514,0.0053,137.2772,1
0.4340,0.0333,0.0676,0.2438,0.5444,93.8229,-1
0.7271,0.8114,0.0280,0.1743,0.6149,88.8030,1
0.7209,0.5533,0.0348,0.0989,0.3877,117.6470,1
0.8544,0.2504,0.0461,0.0490,0.4481,84.7095,-1
0.6825,0.5822,0.1172,0.1435,0.7379,93.6284,1
0.1848,0.2372,0.0615,0.7641,0.2062,144.6153,-1
0.5612,0.3548,0.0652,0.1328,0.6159,74.2216,-1
0.4638,0.2847,0.0425,0.0754,0.8013,129.8149,-1
0.8388,0.6665,0.0687,0.0849,0.4359,90.8087,-1
0.7042,0.4315,0.0711,0.1665,0.2846,88.1152,-1
0.6891,0.1214,0.0277,0.1273,0.5864,82.1644,-1
0.3218,0.6788,0.0331,0.1536,0.1521,147.5096,-1
0.5825,0.3309,0.0577,0.2918,0.7668,110.1347,-1
0.6033,0.7771,0.0283,0.0862,0.1727,117.6244,1
-0.0147,0.0915,-0.0349,0.0647,0.0723,-8.8561,-1
0.3675,0.4378,0.0438,0.1388,0.6659,198.2508,-1
0.5200,0.8120,0.1267,0.4692,0.5709,163.3812,1
0.5822,0.2870,0.0579,0.2158,0.5946,92.3000,-1
0.4136,0.0500,0.0261,0.1270,0.1115,131.6174,-1
0.9079,0.6143,0.3702,0.4245,0.5383,126.2746,-1
0.6324,0.2049,0.0067,0.1364,0.0867,120.8635,1
0.6661,0.5047,0.0914,0.1011,0.6131,131.1653,1
0.1893,0.8206,0.3851,0.0382,0.4630,176.9918,-1
0.5541,0.7058,0.0429,0.2004,0.3697,123.9679,1
0.1812,-0.0084,0.0367,0.0493,0.0198,57.0716,-1
0.2119,0.1518,0.0676,0.0762,0.0675,151.5044,-1
0.8773,0.8413,0.1153,0.1204,0.4188,137.3919,1
0.7048,0.8319,0.0255,0.6412,0.5971,116.4278,1
0.7028,0.6940,0.0828,0.3158,0.7289,88.6500,1
0.6844,0.4046,0.2840,0.1164,0.6104,139.8282,-1
0.8228,0.2846,0.0493,0.6227,0.4028,106.9790,-1
0.4887,0.9191,0.1275,0.1429,0.1507,159.0175,1
0.5038,0.8955,0.0105,0.4649,0.3968,138.1235,1
0.3816,0.3511,0.0518,0.0266,0.4294,110.8784,-1
0.7239,0.5105,0.0328,0.1645,0.3150,90.4706,-1
0.7063,0.5532,0.0494,0.5404,0.5667,95.6838,1
0.5574,1.0089,0.1643,0.4109,0.5016,135.2595,1
0.1332,0.0635,0.0271,0.1512,-0.1001,84.4525,-1
0.3763,-0.0623,0.0258,0.1243,0.0668,66.0917,-1
0.0796,0.1363,0.0628,0.1231,0.2074,61.0825,-1
0.4104,0.3324,0.1114,0.1452,0.2577,76.5763,-1
0.2250,-0.0725,0.0436,0.0887,-0.0372,67.0835,-1
0.6719,0.3763,0.0841,0.2061,0.2819,114.9276,-1
0.5480,0.8951,0.0773,0.4517,0.4146,99.6922,-1
0.5276,0.2457,0.0570,0.0761,0.6331,91.2556,-1
0.2347,0.0919,0.0328,0.7116,0.3835,175.0917,-1
0.4813,0.3592,0.0986,0.0806,0.4514,145.5015,-1
0.4104,0.1972,0.0551,0.1452,0.1777,123.8930,-1
0.3527,0.2651,0.0136,0.1667,0.0400,75.3476,-1
0.1580,0.0905,0.0793,0.1655,-0.0906,62.5896,-1
0.6984,0.8866,0.0370,0.0144,0.6202,174.7206,1
0.6835,0.3412,0.0736,0.1296,0.3114,122.7785,-1
0.6379,0.7754,0.0225,0.3312,0.4798,107.9756,-1
0.3843,0.3973,0.0248,0.1443,0.1154,129.8714,-1
0.7694,0.4172,0.0221,0.0611,0.8576,116.5651,-1
0.6713,0.1954,0.0518,0.1304,0.2912,123.1727,-1
0.5311,0.7320,0.0216,0.0921,0.0405,184.8206,1
0.6890,0.9086,0.0195,0.0560,0.2516,123.5304,1
0.4332,0.2424,0.0346,0.0725,0.8659,99.5201,-1
0.2622,0.3336,0.0481,0.0861,0.2807,69.8206,-1
0.4359,0.8138,0.0511,0.0775,0.5641,116.9175,-1
0.0965,0.1266,0.0460,0.1640,0.0115,72.3686,-1
0.5300,0.9121,0.0899,0.0725,0.1120,118.8963,1
0.5192,0.0935,0.0131,0.1585,0.2840,115.9162,-1
0.5561,0.3656,0.0722,0.2227,0.3258,116.7276,-1
0.4459,0.5174,0.0163,0.0651,0.1614,125.2975,-1
0.0535,0.2586,0.0625,0.1200,0.0986,70.8982,-1
0.6775,0.7951,0.0393,0.1023,0.4466,120.6168,1
0.6924,0.4824,0.0815,0.0427,0.3202,71.5137,1
0.7176,0.6973,0.0624,0.2747,0.9349,101.4490,-1
0.2323,1.0413,0.0701,0.8814,0.1167,77.4997,-1
0.4517,0.3481,0.0261,0.0855,0.1376,58.1423,-1
0.5224,0.0226,0.0383,0.0535,0.1402,118.0545,-1
0.8084,0.6975,0.0483,0.0968,0.6342,115.2029,1
0.7041,0.9634,0.1129,0.0668,0.8635,114.9483,1
0.7881,0.4013,0.0443,0.2728,0.8301,113.3504,1
0.5443,0.6756,0.0325,0.1717,0.1270,113.3706,1
0.5072,0.0562,0.0685,0.1084,0.5009,133.6505,-1
0.3144,0.6597,0.0602,0.0937,0.1033,111.1705,-1
0.7207,0.8997,0.2996,0.3443,0.3949,129.9835,1
0.5781,0.5069,0.0454,0.3177,0.5134,116.7960,-1
0.7008,0.7087,0.0176,0.0965,0.2940,105.8641,1
0.5975,0.5571,-0.0183,0.0826,0.3524,157.2015,-1
0.0510,0.8828,0.0488,0.9596,0.0400,202.6425,-1
0.3929,0.2483,0.0296,0.0959,0.2047,93.7448,-1
0.7767,0.6074,0.2350,0.1171,0.5518,66.7811,-1
0.7146,0.2617,0.1822,0.1204,0.7234,142.7357,-1
0.4693,0.8861,0.1309,0.9077,0.3277,147.5489,1
0.4601,0.2256,0.1206,0.1552,0.3594,69.4780,-1
0.3995,0.0745,0.0508,0.0516,0.3919,148.8478,-1
0.3475,0.0689,0.0153,0.0342,-0.0602,51.1823,-1
0.5764,0.4117,0.0547,0.2594,0.5470,164.8430,-1
0.1408,0.3869,0.0758,0.1632,-0.0145,79.2704,-1
0.5060,0.3005,0.0753,0.1576,0.8016,136.7042,-1
0.7154,0.8597,0.0499,0.1908,0.5481,117.8700,1
0.4253,0.6668,0.0185,0.1537,0.3738,144.0934,-1
0.4794,0.5938,0.0337,0.1016,0.2035,159.8318,1
0.7379,0.6396,0.0627,0.1258,0.8820,118.5385,-1
0.4708,0.1131,0.0471,0.1523,0.1489,98.8788,-1
0.0571,0.0365,-0.0047,0.2693,0.0503,2.3253,-1
0.5545,0.6095,0.1351,0.2599,0.9426,77.1638,-1
0.6565,0.9167,0.0619,0.4340,0.0894,102.6163,1
0.5454,0.0697,0.0487,0.1612,0.5115,119.6244,-1
0.7515,0.8986,0.0557,0.4070,0.9271,152.4622,1
0.5805,0.4169,0.0198,0.1088,0.2460,94.9751,-1
0.6509,0.7689,0.0525,0.0891,0.2711,137.5086,-1
0.5768,0.7891,0.0460,0.2858,0.1748,145.7027,1
0.1601,1.0653,0.0143,0.8332,-0.0164,98.4172,-1
0.3728,0.3834,0.0235,0.0877,0.1503,92.4815,-1
0.6732,0.7196,0.0319,0.0275,0.5547,128.2775,1
0.6608,0.6391,0.0376,0.1195,0.3981,99.9692,1
0.7746,0.5449,0.0393,0.5877,0.6160,115.6081,-1
0.5348,0.7970,0.0513,0.1163,0.8044,123.1727,-1
0.2136,0.0103,0.0386,0.0966,0.1381,87.1900,-1
0.5697,0.2495,0.0510,0.0610,0.2453,172.7286,-1
0.7110,0.8002,0.0562,0.1655,0.7982,119.3037,-1
0.7661,0.9385,0.0329,0.4635,0.5949,137.1458,1
0.5548,0.6221,0.0388,0.1053,0.6207,141.4567,-1
0.2797,0.1578,0.0249,0.0689,0.3749,109.6867,-1
0.3472,0.7818,0.4463,0.0889,0.7019,196.1480,1
0.6028,0.6025,0.0411,0.3601,0.8449,81.8657,-1
0.7900,0.2471,0.2097,0.0844,0.3384,92.9621,-1
0.5792,0.6983,0.0640,0.1427,0.3896,101.9554,-1
0.6783,0.8567,0.1429,0.3509,0.8285,125.5104,1
0.6364,0.8575,0.0656,0.2333,0.5172,146.1578,1
0.5513,0.2556,0.0397,0.1521,0.6824,79.0355,-1
0.4673,0.1731,0.0653,0.1888,0.5613,157.3662,-1
0.1750,0.8340,0.0949,0.1559,0.0549,129.8544,-1
0.6032,0.4008,0.0292,0.0553,0.0989,71.8098,-1
0.5366,0.1669,0.1723,0.0807,0.5235,143.0958,-1
0.2276,0.4992,-0.0030,0.2508,0.8098,165.7673,-1
0.6855,0.4679,0.0258,0.1641,0.2799,77.2969,-1
0.6830,0.2145,0.0188,0.0756,0.4345,100.8595,-1
0.2434,0.0488,0.0661,0.0460,0.2110,81.8302,-1
0.5866,0.8734,0.1318,0.0742,0.8932,84.6769,-1
0.6699,0.4100,0.3867,0.1019,0.4065,108.2108,-1
0.6536,0.6607,0.0394,0.0935,0.7891,143.5154,1
0.7116,0.9601,0.0378,0.0572,0.1628,128.3980,1
0.1210,0.4290,0.2100,0.1115,0.1150,91.4055,-1
0.4594,0.0769,0.0157,0.2059,0.1506,82.7082,-1
0.8670,0.2683,0.0185,0.2327,0.5850,114.4431,-1
0.5791,0.4970,0.0347,0.0859,0.3486,125.8660,-1
0.2738,0.2446,0.0236,0.2021,0.1796,83.0238,-1
0.8064,0.3197,0.0483,0.3108,0.0991,122.4358,-1
0.2373,0.1730,-0.0090,0.1162,0.0557,92.7866,-1
0.0945,0.6441,0.1811,0.4374,-0.0422,79.2663,-1
0.3679,0.0441,0.0212,0.0853,0.0617,72.9378,-1
0.6791,0.6085,0.0273,0.1009,0.2537,102.4100,1
0.7030,0.9203,0.1756,0.2651,0.9898,155.2308,-1
0.4070,0.1876,0.0489,0.0917,0.7389,83.3181,-1
0.3431,0.8489,0.1827,0.2001,0.3727,161.2681,-1
0.1675,0.0023,0.0383,0.0788,0.0066,54.6978,-1
0.6584,0.8065,0.0481,0.1125,0.7453,134.3991,1
0.6539,0.3920,0.0686,0.1295,0.4996,89.3869,-1
0.7463,0.4462,0.0291,0.0018,0.6067,100.4050,-1
0.2461,0.7657,0.0392,0.1082,0.1019,170.1693,-1
0.6300,0.7079,0.0062,0.3595,0.1722,93.4128,-1
0.5431,0.0570,0.0112,0.1506,0.0528,143.7937,-1
0.6089,0.7966,0.1477,0.1927,0.2596,118.4092,-1
0.3808,0.1685,0.0436,0.1675,0.1377,122.7158,-1
0.4985,0.7287,0.0465,0.1932,0.2286,110.5625,-1
0.6227,0.5865,0.0190,0.1301,0.1826,105.4877,1
0.6357,0.5567,0.0892,0.3737,0.0524,135.5897,1
0.8332,0.6869,0.0737,0.0512,0.1185,128.5574,-1
0.7629,0.3570,0.2273,0.0817,0.8171,129.7536,-1
0.8177,0.2663,0.0563,0.0757,0.3613,117.6268,1
0.5825,0.5108,0.0314,0.1984,0.7348,146.8754,-1
0.9220,0.6569,0.0807,0.2018,0.4124,142.8446,1
0.2617,0.9009,0.0786,0.3463,0.0933,83.2667,-1
0.7302,0.2708,0.0533,0.0541,0.3248,106.8041,1
0.1759,0.0841,0.0749,0.0182,0.4211,59.9157,-1
0.4627,0.8913,0.1258,0.1870,0.6342,178.9077,1
0.1763,1.0505,0.0779,0.9243,0.0695,83.6145,-1
0.5352,0.1850,0.0706,0.1204,0.2352,137.9634,-1
0.3562,0.1622,0.0490,0.1071,-0.0255,126.7986,-1
0.2894,0.1832,0.0571,0.0824,0.2629,148.0224,-1
0.1740,0.4702,0.0354,0.1246,0.1236,52.7554,-1
0.5919,0.5288,0.0310,0.0942,0.1315,97.8776,-1
0.1553,0.5258,0.0627,0.3329,0.0922,155.8094,1
0.1869,0.1845,0.0312,0.4320,0.0272,127.3757,-1
0.4597,0.5745,0.0487,0.4036,0.6482,100.4961,-1
0.6308,0.9584,0.0311,0.0540,0.6561,128.3204,-1
0.6725,0.7586,0.0071,0.0962,0.6061,135.8906,-1
0.8006,0.3932,0.4229,0.1608,0.4013,127.0557,-1
0.6318,0.6106,0.0856,0.1101,0.7165,108.2558,1
0.7340,0.8622,0.1936,0.1913,1.1640,158.4877,-1
0.5870,0.9635,0.0680,0.2208,0.3971,85.0834,-1
0.6018,0.1847,0.0544,0.0598,0.4169,125.2791,-1
0.6333,0.7926,0.1647,0.2595,0.8218,165.3558,-1
0.7686,0.6378,0.0579,1.0439,0.3433,99.4747,-1
0.2459,0.4821,0.0110,0.0808,0.1077,78.3989,-1
0.4331,0.6143,0.0516,0.3603,0.4863,115.2452,-1
0.6571,0.1946,0.0471,0.0196,0.3809,117.5135,-1
0.7965,0.6059,0.1165,0.1883,0.5724,145.6772,-1
0.7591,0.6572,0.0695,0.2165,0.5816,99.9343,-1
0.5079,0.4143,0.0432,0.1453,0.0994,81.2845,1
0.5302,0.4206,0.3986,0.1816,0.3431,121.4920,-1
0.1393,0.0855,0.0609,0.1572,0.0519,180.3280,-1
0.5401,0.9046,0.0464,0.1883,0.5244,129.4080,1
0.4762,0.5425,0.0461,0.0976,0.0558,84.8586,-1
0.7475,0.6036,0.0490,0.0885,0.0651,120.7094,1
0.3415,0.2248,0.0378,0.1287,0.1819,117.3610,-1
0.7525,0.8273,0.1536,0.1167,0.6876,141.3602,1
0.4915,0.0438,0.0354,0.0808,0.3672,46.4934,-1
0.2955,0.9794,0.1373,1.0103,0.4750,156.9187,-1
0.3353,0.1241,0.0193,0.3972,0.2772,82.2317,-1
0.4834,0.4230,0.0484,0.4970,0.3225,160.1827,-1
0.5991,0.3165,0.0378,0.1063,0.2610,73.7907,-1
0.6462,0.6983,0.0335,0.1771,0.9613,87.8076,1
0.3063,0.1855,0.0059,0.0949,0.0811,132.5493,-1
0.4325,0.6785,0.0912,0.2552,0.3263,187.7050,1
0.5876,0.7784,0.0748,0.2767,0.2635,113.7212,1
0.6208,0.8635,0.1022,0.5864,0.4831,132.6801,1
0.3658,0.2087,0.0275,0.1879,0.3856,72.7510,-1
0.5654,0.2209,0.0168,0.1116,0.4767,151.0788,-1
0.6824,0.1297,0.0571,0.0479,0.1400,131.1770,-1
0.6690,0.5109,0.0353,0.0887,0.9693,141.8415,-1
0.3606,0.3866,0.0682,0.1996,0.1098,109.0526,1
0.6976,0.3934,0.0540,0.1205,0.7495,122.3621,-1
0.6912,0.2294,0.0628,0.1463,0.0868,85.5545,-1
0.5180,0.4302,0.0682,0.3223,0.6487,78.6990,-1
0.4592,0.2770,0.0186,0.1799,0.0711,147.6287,-1
-0.0417,0.0807,0.0668,0.0860,0.0854,66.0070,-1
0.6175,0.2304,0.0503,0.1699,0.8887,115.9452,-1
0.7160,0.7736,0.0484,0.1953,0.6058,100.0868,1
0.5109,0.3303,0.0542,0.1767,0.1947,61.9665,-1
0.5353,0.8371,0.0804,0.3492,0.5147,172.6587,-1
0.7587,0.3063,0.1588,0.0932,0.3734,168.0418,-1
0.2847,0.6157,0.3445,0.1321,0.3007,169.5467,1
0.8249,0.7052,0.0438,0.0762,0.7742,118.7859,-1
0.5739,0.5118,0.0374,0.1267,0.6144,143.4808,1
0.4626,-0.0292,0.0741,0.0817,0.1862,68.0119,-1
0.4228,0.2683,0.0087,0.1113,0.1359,133.9089,-1
0.7074,0.2696,0.0125,0.0714,0.6137,63.7547,-1
0.5472,1.0696,0.0479,0.0690,0.6140,149.0150,1
0.3521,0.8886,0.0232,0.1619,0.5161,140.9042,1
0.3510,0.1000,0.0207,0.1143,0.2737,76.8570,-1
0.4261,0.3140,0.0468,0.1390,0.4805,117.4251,-1
0.6194,0.8029,0.1613,0.2016,0.9184,143.8980,-1
0.7318,0.8559,0.1551,0.1729,0.7571,115.5910,1
0.2041,0.2533,0.0544,0.1587,0.0435,109.4238,-1
0.7530,0.5601,0.1073,0.0311,0.1749,171.8997,-1
0.9118,0.7527,0.2632,0.1766,0.2908,123.5650,1
0.5720,0.5904,0.0212,0.0645,0.1113,146.2707,-1
0.5908,0.2956,0.0622,0.1807,0.7857,148.5346,-1
0.4250,0.2291,0.0268,0.0806,0.1332,167.8825,-1
0.3240,0.2330,0.0376,0.0361,0.4791,138.2250,-1
0.6523,0.4605,0.0688,0.1275,0.7065,126.1012,-1
0.4062,0.7974,0.0208,0.1425,0.3988,165.6744,1
0.8537,0.4318,0.0435,0.0808,0.6824,87.2658,-1
0.8901,0.5684,0.0643,0.3826,0.8118,127.5650,-1
0.7184,0.5398,0.2449,0.4136,0.8620,136.6679,-1
0.5360,0.7089,0.0564,0.1087,0.7120,105.1212,-1
0.5316,1.0064,0.0531,0.4552,0.3211,142.9151,1
0.5837,0.3288,0.0581,0.1996,0.2775,106.1950,1
0.4390,0.5931,0.0605,0.2278,0.4145,160.2827,1
0.7816,0.8645,0.0540,0.1107,0.4346,144.9581,1
0.3578,0.2312,0.0494,0.1630,0.0660,73.7007,-1
0.5443,0.7530,0.0321,0.2377,0.4437,104.9052,1
0.4727,0.6165,0.0592,0.1643,0.9811,188.6999,-1
0.5702,0.4906,0.0258,0.4369,0.2265,72.6795,-1
0.1844,0.7496,0.0605,0.1191,0.3202,175.3171,-1
0.5801,0.5450,0.0593,0.1258,1.0599,105.8386,-1
0.7021,0.7071,0.0509,0.4811,0.0648,139.1396,1
0.6910,0.9057,0.0654,0.3521,0.9555,89.9360,-1
0.7838,0.7079,0.0746,0.1684,0.4386,111.2522,1
0.7020,0.3852,0.0202,0.1165,0.2070,96.7753,-1
0.3884,0.1845,0.0472,0.1501,0.2613,75.6046,-1
0.5128,0.6598,0.0127,0.0163,0.5098,71.4287,-1
0.7537,0.4519,0.1108,0.3400,0.4366,155.5587,1
0.6136,0.8499,0.1885,0.2483,0.9944,150.6904,-1
0.5081,0.3842,0.0438,0.1134,0.3947,147.4079,-1
0.8197,0.9941,0.2448,0.3354,0.8257,131.3497,1
0.2733,0.0384,0.0184,0.1380,0.0010,57.5806,-1
0.4832,0.3426,0.0698,0.0604,0.5699,129.6030,-1
0.6354,0.4175,0.0014,0.2206,0.1265,113.6480,-1
0.7202,0.7927,0.1715,0.0395,0.7061,113.7867,1
0.3495,0.7122,0.0768,0.2265,0.4926,75.8581,-1
0.6950,0.8358,0.1093,0.1044,0.6910,93.5131,-1
0.3581,0.7670,0.0938,0.2082,0.3225,135.0520,1
0.4720,0.3125,0.0826,0.1603,0.1493,163.7678,-1
0.5718,0.1933,0.0798,0.1663,0.5643,133.4939,-1
0.6374,0.9603,0.0509,0.1311,0.5552,89.5483,1
0.4736,0.7099,0.0278,0.0732,0.3890,113.3855,-1
0.8026,0.7788,0.0024,0.1836,0.9911,138.4967,1
0.4986,0.7648,0.0465,0.0405,0.4522,132.4057,1
0.2595,0.5483,0.0475,0.1098,0.4437,168.4850,-1
0.1623,1.0666,0.0107,0.9206,-0.0945,73.5500,-1
0.4167,0.0710,0.0400,0.0424,0.0001,104.3434,-1
0.3383,0.0713,0.0305,0.0321,0.2013,69.4333,-1
0.5431,0.7380,0.0759,0.1848,0.4020,87.9693,1
0.2101,0.1196,0.0420,-0.0157,0.3456,79.5225,-1
0.4826,0.0698,0.0711,0.1135,0.6888,133.8759,-1
0.4761,0.9640,0.0649,0.1833,0.1354,142.1070,1
0.7488,0.8175,0.0384,0.2324,0.2733,108.6359,1
0.6899,-0.0140,0.0478,0.0176,0.1741,127.0092,-1
0.5792,0.3389,0.0613,0.0853,0.6263,146.3690,-1
0.0256,-0.0749,0.0053,0.9454,0.0417,0.7175,-1
0.7706,0.3510,0.0440,0.1976,0.3164,130.0039,-1
0.5076,0.0275,0.0372,0.0872,0.1697,73.2156,-1
0.2028,1.0605,0.1208,0.5447,-0.0078,58.5754,-1
0.6350,0.0127,0.0643,0.1462,0.4099,117.9285,-1
0.5492,0.4313,0.0642,0.2004,0.3424,85.3009,-1
0.6510,0.5958,0.2169,0.3090,0.5112,91.6924,1
0.7886,0.3210,0.0699,0.1797,0.5694,84.4293,-1
0.4628,0.2113,0.0178,0.0957,0.6815,75.2347,-1
0.5809,0.3895,0.0318,0.2257,0.3250,129.8994,-1
0.3782,0.8836,0.0173,0.5965,0.4244,68.7490,1
0.7376,0.4989,0.0440,0.0964,0.7337,141.1810,1
0.5695,0.6647,0.0118,0.1166,0.3789,97.6793,-1
0.7633,0.9097,0.0370,0.2596,0.7446,127.3548,1
0.7622,1.0358,0.1343,0.3720,0.5653,135.1628,1
0.4492,1.0971,0.0785,0.2215,0.3559,114.7444,1
0.4700,0.0156,0.0105,0.1895,0.1111,116.0265,-1
0.7190,0.7669,0.1112,0.0386,0.0549,134.4865,1
0.6730,0.9037,0.0664,0.3317,0.6855,138.5299,1
0.8431,0.5141,0.1555,0.1329,0.6927,83.8057,-1
0.0876,0.8814,0.0785,0.8754,0.0065,106.2551,-1
0.6414,0.2289,0.0315,0.0392,0.3055,102.8094,-1
0.1453,0.3152,0.0217,0.0444,0.4579,67.5861,-1
0.7281,0.8164,0.3284,0.0840,0.4151,125.8062,1
0.6896,0.2974,0.0664,0.1169,0.9569,77.2555,-1
0.4584,0.4725,0.0294,0.1325,0.4342,138.1685,-1
0.6488,0.6491,0.0385,0.1110,0.5648,163.9422,-1
0.8935,0.5083,0.1091,-0.0222,0.7106,78.5799,-1
0.3439,0.1217,0.0518,0.7611,0.1375,140.8842,-1
0.9246,0.7278,0.0951,0.0593,0.6502,127.7529,1
0.4897,0.5788,0.0719,0.0092,0.4402,105.5302,1
0.7663,0.8149,0.1323,0.2058,0.4565,112.0369,1
0.5369,0.1404,0.0478,0.1106,0.4622,133.5811,-1
0.5433,0.6074,0.0164,0.0580,0.3440,169.0592,-1
0.6011,0.2819,0.0404,0.0764,0.2397,101.3258,-1
0.5969,0.2029,0.0259,0.1788,0.7210,138.3048,-1
0.3665,0.0092,0.0245,0.1337,0.3919,135.7238,-1
0.3417,0.3655,0.0113,0.1139,0.4167,162.9675,1
0.1364,0.0278,0.0653,0.1647,0.0820,138.9713,-1
0.6000,0.1631,0.0520,0.0929,0.6826,72.8240,-1
0.7154,0.2322,0.0576,0.1016,0.6149,89.5321,-1
0.7174,0.2779,0.0540,0.0770,0.2742,137.3716,-1
0.2663,0.0196,0.0210,0.1172,0.1828,191.5821,-1
0.2643,0.6571,0.0589,0.2254,0.3542,207.5957,-1
0.4608,0.6285,0.0325,0.1157,0.7911,83.8746,-1
0.6547,0.5411,0.3147,0.1622,0.4185,106.4400,-1
0.6014,0.7579,0.0324,0.2097,0.6816,130.9450,1
0.1760,0.1503,0.0419,0.1194,-0.0760,70.7631,-1
0.5799,0.7634,0.0412,0.1183,0.2981,126.5719,-1
0.0254,-0.0841,0.0152,0.8704,-0.0026,1.5905,-1
0.5341,0.2689,0.0189,0.1058,0.1287,82.9160,-1
0.6256,0.7086,0.0547,0.2160,0.2171,101.5862,-1
0.6404,0.5728,0.0260,-0.0159,0.1397,116.2187,1
0.5480,-0.0480,0.0069,0.1125,0.4266,129.8844,-1
0.6094,0.3615,0.0504,0.1678,0.6022,77.1464,-1
0.6551,0.2459,0.0376,0.0774,0.4188,96.3652,-1
0.3345,0.2154,0.0369,0.0840,0.1029,99.5224,-1
0.2377,0.1399,0.0023,0.1423,0.2969,93.8715,-1
0.4531,0.1896,0.0501,0.1399,0.0046,130.5983,-1
0.6243,0.6589,0.0754,0.6407,0.2325,124.1162,1
0.8996,0.4917,0.0641,0.1189,0.5843,100.6022,-1
0.7875,0.4206,0.5791,0.1017,0.3401,87.6149,-1
0.5797,0.3382,0.0570,0.1113,0.4609,133.1422,-1
0.2459,0.0350,0.0607,0.1756,0.0717,136.2829,-1
0.7778,0.1449,0.0155,0.0847,0.3871,124.1933,-1
0.8385,0.6567,0.0370,0.6537,0.3879,129.1653,1
0.2734,0.5859,0.0425,0.0770,0.3359,126.9538,-1
0.6838,0.8354,0.0383,0.1443,0.0374,118.9242,-1
0.4072,0.1375,0.0352,0.1858,0.0817,115.8963,-1
0.2243,0.0008,0.0316,0.1041,0.2171,106.5480,-1
0.5347,0.3283,0.0159,0.1275,0.5902,73.6471,-1
0.4235,0.7323,0.0191,0.1059,0.6150,132.5676,1
0.4787,0.7893,0.0742,0.0500,0.5445,146.9544,-1
0.8274,0.7312,0.0456,0.0005,0.6972,105.5879,-1
0.5881,0.6425,0.0247,0.3205,0.2787,130.0945,1
0.6887,0.8589,0.0461,0.4678,0.6246,126.5075,1
0.6543,0.7264,0.0615,0.1055,0.9690,157.3837,-1
0.6410,0.3825,0.0427,0.0946,0.7454,127.0975,-1
0.5210,0.4650,0.0260,0.1225,0.7185,139.2904,-1
0.7533,0.6974,0.0886,0.5894,0.8075,116.5580,1
0.5669,0.6821,0.0018,0.1250,0.4114,72.3908,-1
0.7804,0.3871,0.1159,0.1038,0.7941,95.5157,-1
0.4041,0.0674,0.0439,0.0411,0.4869,129.2333,-1
0.3206,0.4745,0.0556,0.2665,0.4105,168.5628,-1
0.5977,0.2432,0.0389,0.1273,0.1440,124.0156,-1
0.4710,0.8243,0.0492,0.0478,0.5098,114.8735,-1
0.0181,0.0221,-0.0153,0.0780,0.0424,6.3531,-1
0.5667,0.5088,0.0327,0.1493,0.2487,145.4507,-1
0.4737,0.0016,0.0630,-0.0024,0.1209,79.6768,-1
0.5688,0.4534,0.0546,0.2976,0.0776,94.1412,-1
0.8389,0.4339,0.1694,0.0871,0.6693,119.2342,-1
0.6961,0.4061,0.0217,0.1533,0.3819,100.0343,-1
0.2774,0.0327,0.0666,0.0825,0.0766,106.8922,-1
0.7739,0.2506,0.0438,0.0610,0.2432,108.7490,-1
0.6929,0.8809,0.0519,0.0056,0.5059,117.9084,1
0.4819,0.9379,0.1037,0.0893,0.2146,176.0055,1
0.7947,0.2995,0.0318,0.0641,0.2851,123.7463,-1
0.5500,0.7945,0.0239,0.1287,0.4865,141.5826,1
0.6807,1.0146,0.0710,0.2947,-0.0173,114.4713,1
0.3599,0.3236,0.0398,0.1790,0.3372,157.6792,-1
0.4789,0.5386,0.0484,0.1246,0.2282,65.6162,-1
0.4237,0.1016,0.0837,0.0126,0.2634,126.7701,-1
0.0945,1.0343,0.0676,0.9282,0.0292,138.7090,-1
0.4445,0.1744,0.0901,0.5093,0.5037,130.8344,-1
0.7305,0.2086,0.0235,0.0591,0.2979,127.6318,-1
0.6481,0.8060,0.0187,0.1988,0.4297,116.1918,-1
0.5753,0.5861,0.0427,0.0816,0.5934,71.7808,-1
0.9213,0.5368,0.1013,0.2494,0.9382,114.5355,-1
0.4848,0.4900,0.0327,0.3495,0.5340,114.0159,-1
0.7416,0.6057,0.4607,0.1311,0.2650,134.0855,-1
0.4124,0.3166,0.1186,0.3585,0.2442,114.0836,-1
0.5605,0.7371,0.1363,0.7712,0.7559,160.7897,-1
0.6363,0.1105,0.0592,0.1192,0.2571,105.8549,-1
0.8564,0.3199,0.6645,0.0165,0.4382,86.3378,-1
0.7181,0.8622,0.2827,0.3609,0.6704,130.9793,1
0.3617,0.4188,0.0706,0.1450,0.2573,138.2260,-1
0.5614,0.8881,0.0674,0.1118,0.4957,100.7370,-1
0.4883,0.1593,0.0450,0.5161,0.2012,91.2848,-1
0.6328,0.1500,0.0068,0.0921,0.5740,90.7459,-1
0.1303,0.9607,0.0851,0.7119,-0.0589,179.1391,-1
0.5607,0.8106,0.0649,0.1094,0.1305,137.1993,1
0.5459,0.4129,0.0519,0.0708,0.6369,75.0979,-1
0.6558,0.5159,0.0558,0.0701,0.4268,101.0288,-1
0.8230,0.3589,0.0445,0.1175,0.5827,96.9487,-1
0.6347,0.7418,0.1204,0.2155,0.6393,130.7115,-1
0.5049,0.9199,0.0179,0.1931,0.9362,82.5876,-1
0.7151,0.7607,0.0463,0.0635,0.6726,116.0444,-1
0.6127,0.3767,0.0223,0.0440,0.2193,123.8426,-1
0.6792,0.3169,0.0581,0.2743,0.6764,111.8392,-1
0.2525,0.8594,0.0684,0.6895,-0.0460,78.3600,-1
0.5626,0.5540,0.0357,0.1124,0.3476,136.0565,1
0.7680,0.6115,0.0119,0.1393,0.5562,122.7209,-1
0.6748,0.7699,0.0787,0.3368,0.6388,95.4552,1
0.5605,0.3427,0.0338,0.1261,0.2827,73.3424,-1
0.4171,0.6080,0.0598,0.0578,0.0551,144.2437,-1
0.3626,0.1486,0.0785,0.1395,0.4202,84.8546,-1
0.1629,-0.0190,0.0347,0.1402,0.1207,59.8303,-1
0.5126,0.6165,0.0541,0.1472,0.4680,142.6352,-1
0.5748,1.0209,0.0510,0.1273,0.1847,154.1810,1
0.0848,0.0734,0.0214,0.0965,0.1051,64.4638,-1
0.6777,1.0248,0.0464,0.6927,0.6125,142.6538,1
0.5401,0.2849,0.0091,0.0030,0.7123,144.3920,-1
0.5240,0.2627,0.0194,0.1708,0.7596,83.5045,-1
0.7848,0.3632,0.0445,0.0485,0.2922,116.5734,-1
0.4179,0.7835,0.0612,0.4012,0.5326,75.2128,1
0.6030,0.5666,0.0407,0.2835,0.5355,96.3340,1
0.6988,0.4819,0.0413,0.1654,0.3737,111.9722,-1
0.6874,0.8861,0.0651,0.1090,0.4336,74.5540,-1
0.7234,0.8941,0.2044,0.3314,0.4018,131.9918,1
0.7130,0.4202,0.0356,0.1548,0.3368,110.7716,-1
0.7363,0.4063,0.0677,0.1739,0.5932,72.0910,-1
0.3775,1.0371,0.0622,0.9808,0.0514,83.7688,-1
0.4522,0.7032,0.1308,0.3561,0.7971,85.1197,-1
0.4083,0.6363,0.0094,0.0725,0.3965,160.4127,-1
0.4946,0.7068,0.0324,0.3049,0.3585,133.3312,1
0.7702,0.8830,0.0171,0.0765,0.5348,132.8828,1
0.5917,0.1373,0.0217,0.2266,0.0067,95.5170,-1
0.2978,0.4425,0.0854,0.2468,0.8290,212.6258,-1
0.7629,0.5562,0.0489,-0.0261,0.2436,98.1694,1
0.7820,0.1507,0.0854,0.1498,0.2169,85.3955,-1
0.7837,0.8598,0.0325,0.0408,0.6291,121.4633,1
0.5318,0.6006,0.0636,0.0933,0.0781,81.1689,-1
0.4073,0.6619,0.0412,0.1061,0.2955,112.5938,1
0.7331,0.3240,0.0662,0.1527,0.2953,79.5467,-1
0.6694,0.3285,0.0764,0.1178,0.4649,119.3425,-1
0.6180,0.9683,0.0853,0.1111,0.8168,119.3344,-1
0.5378,0.6298,0.1259,0.8203,0.2354,167.4324,-1
0.4114,0.1974,0.0439,0.1063,0.1935,77.4879,-1
0.4688,0.7056,0.0360,0.1068,0.8403,110.5949,-1
0.6484,0.1742,0.0260,0.0775,0.5746,90.2670,-1
0.5285,0.3857,0.0677,0.1905,0.1779,184.3731,-1
0.4571,0.7232,0.0505,0.5026,0.5902,75.6800,1
0.8417,0.2817,0.0482,0.1346,0.8296,91.2981,-1
0.4203,0.0907,0.0654,0.1679,0.5860,92.8054,-1
0.5639,0.2844,0.0557,0.2302,0.7206,106.6056,-1
0.3743,0.9664,0.3999,0.1063,0.3592,85.0169,1
0.4556,0.7194,0.0369,0.3435,0.3456,104.0636,1
0.7200,0.5082,0.0303,0.1362,0.3431,80.3720,-1
0.5896,-0.0238,0.0330,0.0881,0.1411,127.0482,-1
0.7146,0.8410,0.0782,0.0328,0.3041,118.4181,1
0.3422,0.1460,0.0133,0.1153,0.0196,125.4557,-1
0.7383,0.2879,0.0815,0.1536,0.5303,116.5022,-1
0.4901,0.2281,0.0116,0.0941,0.2995,93.0394,-1
0.3211,0.1454,0.0225,0.1288,0.1404,84.1855,-1
0.6451,0.4017,0.0592,0.1123,0.9509,125.8525,-1
0.1757,0.0540,0.0534,0.0900,0.3756,170.2108,-1
0.5835,0.1711,0.0306,0.0330,0.1722,77.8229,-1
0.3950,0.8406,0.0312,0.0669,0.1321,142.2026,1
0.5263,0.5398,0.0444,0.1429,0.1433,126.9156,1
0.7422,0.7279,0.0384,0.1256,0.3082,130.8558,1
0.5473,0.0219,0.0773,0.1843,0.2154,109.9886,-1
0.7603,0.4684,0.2286,0.1639,0.6337,84.3739,-1
0.1956,0.1571,0.0504,0.1621,0.0730,61.3498,-1
0.6855,0.2085,0.0413,0.0767,0.1865,57.9708,-1
0.4406,0.0974,0.0325,0.0986,0.3550,93.7907,-1
0.5627,0.3221,0.0325,0.0532,0.0726,62.5479,-1
0.5460,0.5440,0.0510,0.2436,0.5986,102.3027,1
0.7667,0.9452,0.0662,0.1601,0.6028,125.8520,1
0.6224,0.2280,0.1026,0.6698,0.7040,73.8450,-1
0.6292,0.8057,0.1694,0.2628,0.4100,131.0262,1
0.2403,0.0548,0.0753,0.0997,0.1165,122.7372,-1
0.6513,0.4553,0.0554,0.2375,0.4232,105.4930,1
0.7479,0.4332,0.2724,0.2762,0.6011,166.6385,-1
0.3869,0.0808,0.0528,0.1595,0.1593,134.5125,-1
0.2392,-0.0541,0.0537,0.0982,-0.0638,89.3175,-1
0.4609,0.0387,0.0556,0.1297,0.0811,61.9013,-1
0.5665,0.5101,0.0895,0.2408,0.2653,102.6306,1
0.7343,0.7377,0.0896,0.3272,0.1646,115.4140,-1
0.6108,0.5319,0.0977,0.1458,0.7904,73.0737,-1
0.4667,0.3148,0.0372,0.4252,0.5734,148.3805,-1
0.5969,0.3178,0.0324,0.2526,0.5941,104.7566,-1
0.6167,0.3429,0.0370,0.0399,0.2662,100.7898,-1
0.6251,0.2361,0.0605,0.2128,0.1056,70.0928,-1
0.6282,0.4313,0.0771,0.0799,0.4193,83.7594,-1
0.7879,0.7629,0.1060,0.1084,0.7008,80.8185,-1
0.4630,0.0386,0.0280,0.1508,0.2628,143.6237,-1
0.5156,0.3522,0.0126,0.1123,0.2670,118.4688,-1
0.4230,0.0981,0.0825,0.0652,0.1752,59.8911,-1
0.4841,0.8015,0.0826,0.1533,0.6354,159.1159,1
0.7684,1.0908,0.1275,0.6433,0.7494,132.7158,1
0.5467,0.2022,0.1636,0.0913,0.1721,162.1591,-1
0.4165,1.0055,0.0523,0.5029,0.0946,161.0245,1
0.6422,0.5301,0.0743,0.1341,0.2769,155.9839,-1
0.7260,0.8136,0.0383,0.0835,0.9421,79.6499,-1
0.5880,0.5823,0.0480,0.3456,0.8191,69.8669,-1
0.0959,0.3082,0.0749,0.4242,0.0358,155.4469,-1
0.5624,0.4134,0.0883,0.3380,0.7407,85.1091,-1
0.5881,0.7531,0.0927,0.3535,0.1837,107.5547,1
0.1100,0.6084,0.1880,0.4043,-0.0181,82.4586,-1
0.5458,0.8183,0.0068,0.1529,0.9127,95.6320,-1
0.7075,0.9726,0.0415,0.0799,0.5106,164.7187,1
0.4755,0.2705,0.0666,0.0069,0.4168,126.2746,-1
0.8896,0.6729,0.0466,0.0971,1.0862,119.3052,1
0.7875,0.2572,0.1442,0.0375,0.6706,136.8045,-1
0.7452,0.8941,0.0312,0.3994,0.1339,135.7532,1
0.2769,0.2405,0.0415,0.1778,0.2004,114.3664,-1
0.5257,0.6706,0.0547,0.5886,0.4612,127.9568,1
0.7837,0.7175,0.1955,0.1034,0.8807,101.3609,1
0.3321,0.6299,0.1273,0.0185,-0.0197,102.3986,-1
0.3106,0.2870,0.0647,0.4915,0.6210,86.1062,-1
0.8503,0.2776,0.0311,0.0788,0.6425,101.6846,-1
0.6395,0.7444,0.0512,0.0919,0.8355,128.5950,-1
0.6899,0.8295,0.2134,0.2970,1.1136,144.8968,-1
0.8028,0.0579,0.0564,0.1251,0.2617,120.0921,-1
0.6674,0.8303,0.1660,0.2576,0.9880,153.4273,-1
0.3465,0.4815,0.0338,0.0400,0.5334,164.6114,-1
0.3429,0.7997,0.1380,0.2852,0.1485,197.7956,-1
0.4636,0.2045,0.0803,0.1446,0.1900,179.0592,-1
0.1513,0.1797,0.0542,0.0931,0.3633,162.3517,-1
0.8908,0.8743,0.2394,0.1053,0.2291,69.5576,1
0.9043,0.4317,0.0400,0.0963,0.9088,100.9272,-1
0.7603,0.4037,0.1389,0.1750,0.5210,155.2436,-1
0.5668,0.3322,0.0692,0.0663,0.2699,179.3706,-1
0.0775,0.0018,0.0298,0.1970,0.1334,67.4419,-1
0.9386,0.6418,0.1140,0.6651,0.3302,112.5450,1
0.7764,0.8359,0.0529,0.2619,0.4507,122.4040,1
0.4624,0.0350,0.0709,0.1751,0.2957,128.8948,-1
0.6648,0.3930,-0.0102,0.2008,0.1652,167.9005,-1
0.1287,0.1875,0.0331,0.0100,0.1198,81.5239,-1
0.6680,0.8226,0.0283,0.0392,0.5359,78.4040,-1
0.5970,0.9316,0.1291,-0.0171,0.1777,95.3963,1
0.1036,1.0058,0.1175,0.7378,0.0653,172.9198,-1
0.3248,0.2521,0.0212,0.1448,0.1649,107.4912,-1
0.5513,0.1326,0.0444,0.0948,0.1181,91.1241,-1
0.6875,0.8310,0.0756,0.3435,0.2671,132.7990,1
0.3328,0.3550,0.0574,0.3640,0.1844,118.3949,1
0.6472,0.2127,0.0233,0.0774,0.1424,140.7228,-1
0.5158,0.3071,0.0131,0.2010,0.1912,70.4846,-1
0.2797,0.1446,0.0539,0.2041,0.8912,150.5533,-1
0.8579,0.3479,0.2794,0.1358,0.5504,109.4287,-1
0.5616,0.3917,0.0098,0.1135,0.4455,136.0073,-1
0.6924,0.6689,0.0223,0.1825,0.4276,103.8877,1
0.5142,0.2294,0.0722,0.0812,1.0305,101.0421,-1
0.4380,0.6828,0.2226,0.0901,0.6940,167.1958,-1
0.3951,0.4025,0.0195,0.0702,0.1912,101.6084,-1
0.5164,0.7545,-0.0228,0.0961,0.7307,105.0098,-1
0.8646,0.7110,0.0564,0.0925,0.8381,93.4740,1
0.5756,0.9309,0.0117,0.0297,0.4117,140.2185,1
0.3294,0.1414,0.0003,0.0949,0.2094,110.6228,-1
0.5341,0.4761,-0.0089,0.0687,0.3258,123.6253,-1
0.7084,0.8135,0.1172,0.0550,0.5559,113.1852,1
0.4063,0.0219,0.0576,0.1484,-0.0107,115.2371,-1
-0.0128,0.5949,-0.0039,0.9484,0.0728,8.7820,-1
0.6009,0.7033,0.0538,0.0622,0.6238,116.6740,1
0.6499,0.5062,0.0418,0.0754,0.3121,83.5305,1
0.7496,0.7885,0.0749,0.1132,0.4386,126.8675,1
0.5130,0.4289,0.0085,0.3824,0.3098,170.1405,-1
0.4443,-0.0837,0.0497,0.0740,0.2460,105.6937,-1
0.4166,0.5951,0.0412,0.1778,0.8017,128.1999,-1
0.3553,0.1561,0.0281,0.1079,0.0854,53.2800,-1
0.8432,0.7455,0.1907,0.0677,0.4717,142.2120,1
0.5115,0.7832,0.0426,0.0584,0.0898,103.9345,-1
0.2877,0.0622,0.0353,0.0766,0.1189,93.4868,-1
0.2304,0.0801,0.0543,0.0719,0.2072,58.6423,-1
0.9139,0.6978,0.0849,0.0697,0.8917,122.9944,1
0.6699,0.5886,0.0775,0.1507,-0.0393,109.9360,-1
0.5497,0.1941,0.0324,0.0516,0.1843,98.4414,-1
0.7938,0.6302,0.0784,0.1424,0.6549,80.6431,1
0.0754,0.0398,0.0492,0.0776,0.0681,74.3533,-1
0.3799,0.5665,0.0161,0.1171,0.3420,121.0395,-1
0.4557,0.2459,0.0628,0.4068,0.8298,146.5326,-1
0.5880,0.7465,0.0409,0.3025,0.6509,100.9681,-1
0.5714,0.6027,0.3872,0.1600,0.6707,112.8364,-1
0.2932,0.1406,0.0263,0.0283,0.3139,59.1100,-1
0.3809,0.0811,0.0505,0.0738,0.1313,91.1364,-1
0.8382,0.5849,0.1123,0.0876,0.5687,108.9660,1
0.4954,0.7681,0.0363,0.3252,0.4165,121.8388,-1
0.7102,0.6708,0.0640,0.0764,0.4183,128.3558,1
0.1653,0.2464,0.0263,0.1115,0.2265,165.9403,-1
0.5198,0.2338,0.0553,0.1105,0.6658,238.4374,-1
0.5424,0.6960,0.0477,0.0744,0.8034,134.0006,-1
0.5818,0.8746,0.1096,0.0708,0.5029,195.4680,1
0.6761,0.2781,0.0456,0.1145,0.3567,81.8039,-1
0.1257,-0.0164,0.0231,0.1230,0.1840,132.2408,-1
0.1246,-0.0615,0.0594,0.1549,0.1222,162.4111,-1
0.6717,0.2953,0.0903,0.1206,0.4574,189.8990,-1
0.7352,0.7896,0.0857,0.1332,0.4862,132.1023,-1
0.5354,0.3844,0.0534,0.0617,0.4234,83.4685,-1
0.3521,0.9550,0.1139,0.3265,0.9300,131.4090,-1
0.4997,0.5877,0.0472,0.1197,0.1729,182.6352,1
0.7226,0.3917,0.0369,0.3372,0.0974,98.4809,-1
0.6093,0.4649,0.0143,0.1019,0.3325,95.7611,-1
0.8271,0.7739,0.0936,0.1257,0.3126,128.5077,-1
0.6851,0.6496,0.0294,0.1649,0.1155,129.4040,1
0.5917,0.9225,0.0181,0.0737,0.5275,101.0893,1
0.8822,0.7131,0.0609,0.0584,0.7128,118.0214,1
0.5082,0.6964,0.0638,0.1121,0.1636,158.6472,1
0.5715,0.6516,0.0302,0.1545,0.4189,102.7789,1
0.4651,0.0958,0.0153,0.0271,0.2337,92.0864,-1
0.5279,0.6258,0.0300,0.0858,0.2254,145.6288,1
0.5382,0.4926,0.0319,0.1099,0.8885,137.1538,-1
0.7392,0.1681,0.0863,0.0639,0.0868,140.5974,-1
0.7817,0.4501,0.0708,0.1294,0.6348,101.7749,-1
0.7304,0.7002,0.0486,0.1239,0.4444,79.7876,-1
0.4822,0.4854,0.0296,0.1301,0.0822,112.4635,-1
0.6357,0.8068,0.0842,0.0853,0.5967,116.0790,1
0.6971,0.3992,0.1409,0.1212,0.7103,104.3052,-1
0.3843,0.8859,0.1261,1.0057,0.3179,169.5342,-1
0.5206,0.4845,0.0449,0.1772,0.7534,122.6727,-1
0.2049,0.1395,0.0284,0.0635,-0.0176,52.7935,-1
0.5822,0.9133,0.0263,0.2963,0.5323,133.4943,1
0.4547,0.9639,0.1009,0.7990,0.3986,108.5341,1
0.4853,0.5173,0.0408,-0.0156,-0.0544,141.5014,-1
0.4836,0.7340,0.0492,0.0483,0.1456,130.5945,1
0.2533,0.0606,0.0596,0.0979,0.3950,91.6405,-1
0.6319,0.7345,0.0536,0.1899,0.3102,139.2288,1
0.4409,0.1836,0.0563,0.3382,0.1290,142.3780,-1
0.3635,0.0166,0.0266,0.1043,0.1790,131.2230,-1
0.3244,0.3103,0.0522,0.2733,0.5961,108.1024,-1
0.6826,0.4265,0.1323,0.0874,0.2844,75.3922,-1
0.0920,0.7001,0.0592,0.4425,-0.0002,94.9913,-1
0.3642,0.6112,0.0551,0.2119,0.6612,210.1387,-1
0.4571,0.3686,0.0441,0.4311,0.6087,123.2447,-1
0.3837,0.2355,0.0356,0.1125,0.2931,61.7017,-1
0.3231,0.1829,0.0368,0.0085,0.1775,140.4374,-1
0.5214,0.3782,0.0332,0.1197,0.1571,60.0193,-1
0.6646,0.8838,0.1775,0.1725,0.3270,124.3295,1
0.4964,0.3718,0.0580,0.1317,0.1913,77.2550,-1
0.3531,0.0876,0.0548,0.1554,0.0989,119.1433,-1
0.5292,0.5040,0.0362,0.1102,0.2570,126.5900,-1
0.0152,0.1431,0.0175,0.1240,-0.0197,-1.5864,-1
0.4057,0.8240,0.0535,0.1460,0.3362,115.7656,1
0.6375,0.7195,0.0480,0.0681,0.8427,140.2091,-1
0.8036,0.7945,0.0408,0.0100,0.5854,114.6555,1
0.5244,0.7637,0.0791,0.0603,0.7402,157.4557,-1
0.7159,0.6603,0.0112,0.1333,0.4320,111.1902,-1
0.6959,0.2521,0.0383,0.0602,0.6870,126.8419,-1
0.4601,0.2342,0.0256,0.1739,0.3217,74.5073,-1
0.3454,-0.0361,0.0789,0.1537,0.3953,114.9297,-1
0.2486,0.0955,0.0780,0.1711,0.1752,63.5230,-1
0.4887,0.1665,0.0118,0.1470,0.0893,85.2810,-1
-0.0482,0.1241,-0.0009,0.8962,-0.0083,2.7654,-1
0.8411,0.4172,0.0305,0.1120,0.8426,114.7836,-1
0.2981,0.3516,0.0384,0.0443,0.0053,97.6685,-1
0.5987,0.3615,0.0405,0.1094,0.1041,54.7721,-1
0.6733,0.3671,0.0928,0.5047,0.8215,53.0931,-1
0.3516,0.7775,0.1482,0.3169,0.4362,212.4377,1
0.5864,0.4291,0.0381,0.1524,0.1018,147.5528,-1
0.4411,0.1362,0.0153,0.2299,0.2631,104.4618,-1
0.6700,0.3275,0.0467,0.0723,0.0746,94.0731,-1
0.4232,0.4374,0.1620,0.0657,0.2022,90.7414,-1
0.4709,0.5669,0.0556,0.0716,0.5748,138.0320,-1
0.7262,0.3962,0.2120,-0.0134,0.7233,71.1981,-1
0.3963,0.0460,0.0879,0.0070,0.1943,60.9466,-1
0.2095,-0.1799,0.0711,0.1324,0.2816,184.3948,-1
0.6232,0.7193,0.0338,0.1286,0.4098,121.4137,-1
0.7792,0.4537,0.0651,0.0609,0.6127,81.5414,-1
0.3698,-0.0238,0.0172,0.3000,0.3107,48.8735,-1
0.1369,0.0992,0.0190,0.0865,-0.0853,96.3569,-1
0.7336,0.7350,0.0568,0.0377,0.6082,104.6856,-1
0.3965,0.2365,0.0703,0.1134,0.1591,186.6832,-1
0.3014,0.2362,0.0270,0.0560,0.1300,142.1788,-1
0.6929,0.4399,0.0342,0.0839,0.2134,89.5162,1
0.7829,0.4740,0.0316,0.1618,0.4391,96.8116,-1
0.4892,0.6876,0.0320,-0.0110,0.7562,138.2124,1
0.7718,0.7259,0.0488,0.0974,0.8338,174.0074,-1
0.5163,0.1593,0.0162,0.1210,0.1863,88.8868,-1
0.6211,0.7845,0.0732,0.1359,0.4567,128.0426,1
0.2077,0.0852,0.0213,0.2196,0.1514,110.6207,-1
0.3505,0.1536,0.0542,0.1021,0.1545,77.5773,-1
0.7036,0.9691,0.0652,0.3552,0.8238,132.6870,1
0.5070,0.3811,0.0468,0.0961,0.2285,93.4409,-1
0.5712,0.1025,0.0554,0.0980,0.0044,138.1262,-1
0.4823,0.1038,0.0469,0.1776,0.2589,131.1432,-1
0.6647,0.8595,0.0296,0.1099,0.2129,112.7688,1
0.6483,0.5411,0.0793,0.1075,0.4410,127.6628,-1
0.6623,0.5305,0.0073,0.3115,0.6927,72.2408,1
0.4573,0.1243,0.0432,0.1554,0.6119,148.5628,-1
0.7901,0.2142,0.0626,0.1759,0.2863,81.5243,-1
0.3294,-0.0025,0.0899,0.0775,0.0854,154.4875,-1
0.4349,0.2319,0.0426,0.1177,0.3701,172.2412,-1
0.3023,-0.0124,0.0326,0.1094,0.3838,99.7728,-1
0.1942,0.9851,0.0806,0.7391,-0.0502,119.9053,-1
0.5239,-0.0988,0.0501,0.0512,0.1968,86.9207,-1
0.2577,-0.0318,-0.0004,0.0425,0.2573,190.0516,-1
0.1996,-0.0096,0.0421,0.3543,-0.0152,104.3106,-1
0.5172,0.6682,0.0336,0.1603,0.2561,143.0874,1
0.5008,0.2783,0.0705,0.1711,0.8767,81.8418,-1
0.3173,0.0855,0.0131,0.1332,0.2307,69.0276,-1
0.3306,0.0647,-0.0197,0.0719,0.0689,68.7330,-1
0.5968,0.4250,0.3259,0.2057,0.4152,69.7311,-1
0.4302,0.0694,0.0352,0.1264,0.3789,64.6721,-1
0.6407,0.5829,-0.0034,0.3063,0.6473,78.9089,-1
0.4551,0.9197,0.0253,0.9302,-0.0597,89.5299,-1
0.7956,0.1023,0.1356,0.1327,0.0724,97.9832,-1
0.3963,0.2922,0.0259,0.1529,0.1243,89.5207,-1
0.6981,0.2746,0.0399,0.1046,0.0982,120.6716,-1
0.4156,0.1121,0.0279,0.0581,0.2430,163.3263,-1
0.5435,0.4266,-0.0108,0.0538,0.5862,76.4604,-1
0.0441,0.4573,0.0323,0.2889,0.0828,82.6173,-1
0.8022,0.4726,0.0299,0.0994,0.5684,78.3918,-1
0.6382,0.7922,0.0212,0.0556,0.5330,123.9207,1
0.4694,0.1038,0.0344,0.1431,0.3200,128.4252,-1
0.4591,0.1472,0.0701,0.0725,0.9164,107.3924,-1
0.1767,0.2037,0.0322,0.1619,0.0602,146.1198,-1
0.6529,0.0226,0.0107,0.1657,-0.0016,123.4468,-1
0.5800,0.6820,0.0614,0.1794,0.1223,164.9885,-1
0.1486,0.2992,0.0261,0.1827,0.4191,91.3592,-1
0.1464,-0.0213,0.0115,0.0976,0.1173,138.6220,-1
0.4135,0.6190,0.0513,0.7339,0.3356,108.6789,-1
0.4563,0.0165,0.0564,0.0635,0.2181,70.7616,-1
0.5996,0.5172,0.0298,0.0803,0.2316,106.0745,-1
0.7297,0.7696,0.0305,0.0128,0.0698,142.4285,-1
0.6072,0.2835,0.0286,0.2578,0.3644,150.3716,-1
0.5126,0.7070,0.0583,0.0529,0.4405,133.6324,1
0.4238,0.0660,0.0323,0.0462,0.3968,124.1535,-1
0.8900,0.4051,0.0247,0.2591,0.5538,114.2890,-1
0.7144,0.6280,0.0626,0.1392,0.4861,122.9063,1
0.5079,0.7180,0.3368,0.8668,0.6280,117.8345,-1
0.3939,0.7868,0.0255,0.2661,0.6938,147.5493,-1
0.7758,0.6405,0.0550,0.0972,0.4812,174.1086,1
0.4143,0.4965,0.0629,0.0356,0.6841,150.1406,-1
0.0713,0.1718,0.0115,0.0534,0.0054,-0.8227,-1
0.5467,0.0523,0.0290,0.1396,0.4556,156.2032,-1
0.5809,0.9692,0.1153,0.0060,0.4909,162.2442,1
0.0688,0.1596,0.0289,0.3212,0.2822,81.0321,-1
0.8052,0.9303,0.0817,-0.0295,0.7759,95.7565,1
0.6769,0.8490,0.0570,0.0810,0.6382,124.6526,1
0.6881,0.4658,0.0600,0.2239,0.9948,107.5725,-1
0.5675,0.5219,0.0279,0.4720,0.0926,134.0300,-1
0.7065,0.9456,0.1572,0.3487,0.1183,129.9141,1
0.7195,0.6899,0.0200,0.1933,0.7855,83.6137,-1
0.8593,0.9744,0.0451,0.0848,0.2429,112.0379,1
0.4111,0.3741,0.0309,0.1826,0.2857,91.5899,-1
-0.0220,0.0108,-0.0011,0.3404,0.0562,-9.1595,-1
0.6987,0.4878,0.0333,0.0686,0.2140,97.6193,-1
0.7059,0.9853,0.0457,0.0138,0.1902,136.9483,1
0.0474,0.4455,0.1579,0.1785,0.0462,83.9739,-1
0.3383,0.9967,0.0837,0.0877,0.3489,149.5310,-1
0.8361,0.5052,0.0393,0.3403,0.7867,116.0158,-1
0.7037,-0.0585,0.1751,0.1239,0.3066,86.7966,-1
0.4277,0.0003,0.0109,0.0746,0.2234,96.1141,-1
0.2475,0.1185,0.0528,0.0429,0.0139,64.2551,-1
0.4591,0.8159,0.1070,0.1964,0.6021,171.8799,-1
0.2123,0.2022,-0.0013,0.1256,0.1151,114.6602,-1
0.4775,0.4170,0.0341,0.0230,0.2878,105.2416,-1
0.8014,0.4214,0.0949,0.2236,0.1522,81.3230,-1
0.7518,0.4540,0.2868,0.0303,-0.0471,72.3722,-1
0.6845,0.6144,0.0564,0.0806,0.1582,75.4941,-1
0.7504,0.4164,0.0464,0.1045,0.2247,85.1314,-1
0.4806,0.2016,0.0152,0.0762,0.1050,74.4803,-1
0.5573,0.4210,0.0273,0.2191,0.4128,126.4450,-1
0.5976,0.7291,0.0427,0.1710,0.5795,115.1688,1
0.6209,0.4715,0.1755,0.0755,0.7467,140.7265,-1
0.3522,0.1124,0.0597,0.1935,0.3197,81.1949,-1
0.6873,0.5617,0.0974,0.4257,0.4918,140.2116,-1
0.1933,0.1019,0.0054,0.1037,0.0162,87.1362,-1
0.8721,0.5597,0.0390,0.1353,0.1557,124.6328,1
0.2986,0.4415,0.1542,0.8965,0.0050,65.3609,-1
0.4868,0.9395,0.0508,0.0503,0.9826,147.6938,-1
0.4233,0.5739,-0.0154,0.0482,0.4620,133.4605,-1
0.1796,1.0520,0.2053,0.3934,-0.0297,49.8427,-1
0.4526,0.8171,0.1732,0.0923,0.5740,90.2938,-1
0.4186,0.3971,0.0514,0.0147,0.2186,194.9797,-1
0.7190,0.4252,0.0504,0.1379,0.4604,65.2844,-1
0.6919,0.3844,0.0895,0.1437,-0.0030,145.6608,-1
0.6740,0.6894,0.0498,0.3701,0.3352,109.5996,1
0.6482,0.2681,0.0689,0.0961,0.1814,130.8074,-1
0.2228,0.3144,0.0387,0.1740,0.0959,98.1718,-1
0.7492,0.6922,0.2175,0.1384,0.3565,177.4956,1
0.8610,0.1981,0.2267,0.0755,0.7178,80.7660,-1
0.5113,0.9414,0.0420,0.1706,0.7566,111.1525,-1
0.6513,0.4083,0.2071,0.2523,0.4429,159.9264,-1
0.4745,0.4779,0.0060,0.1724,0.6245,169.6145,-1
0.7678,0.7769,0.0795,0.3435,0.8350,119.5907,1
0.2749,0.2305,0.0056,0.1738,0.3150,97.3431,-1
0.3471,0.2046,0.0351,0.1524,0.3477,130.7084,-1
0.9055,0.2751,0.0691,0.0223,0.6621,87.4825,1
0.7455,0.4412,0.0657,0.0887,0.3148,76.1330,-1
0.6371,0.8110,0.0443,0.2784,0.2430,128.3088,1
0.4003,-0.0276,0.0859,0.1147,0.2483,114.8301,-1
0.3476,0.1926,0.0714,0.1176,0.1082,99.4914,-1
0.5920,0.5562,0.0209,0.0913,0.3584,153.6864,1
0.5990,0.3502,0.0434,0.0661,0.9509,112.1797,-1
0.6594,0.3557,0.0680,0.0704,0.3775,157.5757,-1
0.5005,0.5344,0.0360,0.2846,0.4688,98.5311,-1
0.6465,0.6274,0.0221,0.1943,0.6004,90.4848,-1
0.7160,0.2261,0.0339,0.0703,0.0611,140.0794,-1
0.8282,0.3694,0.3451,0.0948,0.2351,69.2981,-1
0.6216,0.7003,0.0624,0.5531,0.6457,112.0621,-1
0.7326,0.5461,0.0809,0.0979,0.4757,117.9976,1
0.7158,0.3187,0.2049,0.5712,0.4654,154.0665,-1
0.6349,0.6976,0.0135,0.1875,0.7915,102.9907,1
0.2835,0.0477,0.0391,0.1253,0.2304,97.1315,-1
0.5176,0.1308,0.0480,0.3803,0.7936,142.1087,-1
0.8660,0.5714,0.1198,0.0565,0.5873,146.3748,1
0.2488,0.0257,0.0289,0.0662,0.0615,106.4570,-1
0.4503,0.3246,0.0616,0.1330,0.3928,149.0325,-1
0.1411,0.0326,0.0594,0.0873,0.0141,105.6168,-1
0.5107,0.2330,0.0424,0.1451,0.1442,122.9747,-1
0.6735,0.8973,0.0195,0.1950,0.7108,145.6706,1
0.4710,-0.0500,0.0247,0.2440,0.8778,161.1605,-1
0.7096,0.2482,0.0266,0.1066,0.2454,129.8422,-1
0.9286,0.4968,0.0318,0.1252,0.6635,140.2814,-1
0.4291,0.0391,0.0308,0.0611,0.1075,91.2579,-1
0.7810,0.6275,0.1828,0.0573,0.5612,96.2337,-1
0.6428,0.4954,0.0207,0.0363,0.5238,143.9660,-1
0.6432,0.2953,0.0155,0.0784,0.4864,132.5873,-1
0.4745,0.1990,0.0378,0.1233,0.2007,84.7067,-1
0.4997,0.6060,0.3195,0.0873,0.5557,97.2142,-1
0.6592,0.3397,0.0459,0.1524,0.3376,140.5906,-1
0.4826,0.2779,0.0131,0.0975,0.2866,114.8540,-1
0.6954,0.6703,0.0281,0.2281,0.7368,85.5852,1
0.2270,0.1911,0.0375,0.2051,0.1642,91.5754,-1
0.8774,0.5449,0.0463,0.1251,0.7660,114.3133,-1
0.6653,0.9040,0.0495,0.2037,0.6733,109.9872,1
0.3920,0.7745,0.0994,0.0748,0.2587,143.1296,1
0.8578,0.3233,0.0939,0.0935,0.5391,89.7785,-1
0.3278,0.1351,0.0396,0.1012,0.1100,69.0062,-1
0.7887,0.8120,0.0238,0.1119,0.7166,111.2791,-1
0.5288,0.2568,0.0242,0.1895,0.0426,59.3574,-1
0.7978,0.8842,0.0603,0.1873,0.7618,107.8219,1
0.7403,0.8655,0.0638,0.1242,0.9488,118.4233,-1
0.4668,0.1815,0.0413,0.2571,0.4850,128.5112,-1
0.2403,0.0784,0.0171,0.1409,0.1273,85.9582,-1
0.2288,0.3193,0.0522,0.0719,0.1225,83.7698,-1
0.5300,0.5981,0.0973,0.1969,1.0062,88.0811,-1
0.2542,0.0781,0.0315,0.2458,0.0074,92.9042,-1
0.5080,0.8422,0.1335,0.1346,0.3618,157.6127,1
0.6566,0.9519,0.0733,0.0870,0.4996,89.6607,1
0.7269,0.6224,0.0641,0.1464,0.5062,154.4387,1
0.1994,0.2825,0.0417,0.1734,0.2230,78.8176,-1
0.1786,-0.0034,0.0565,0.0793,-0.0387,95.1599,-1
0.3515,0.4473,0.0524,0.0590,0.2791,167.7039,-1
0.3719,0.9467,0.0548,0.8076,-0.0355,93.9825,-1
0.4799,0.8975,0.0896,0.2445,0.7319,104.9269,1
0.6894,0.2895,0.0316,0.1006,0.1760,109.7046,-1
0.5226,0.0717,0.0519,0.0642,0.3179,71.6306,-1
0.0772,0.2635,-0.0224,0.3503,-0.0639,-8.5882,-1
0.9278,0.8262,0.0824,0.0196,0.0816,94.2942,1
0.5006,0.7466,0.2821,0.0540,0.5157,131.5772,-1
0.6027,0.8126,0.0080,0.2426,0.4863,155.1274,1
0.3846,0.4899,0.0636,0.1160,0.7774,91.7339,-1
0.5996,0.6679,0.0486,0.1696,0.6352,112.8704,1
0.2717,0.2921,0.0284,0.2346,0.2379,92.0365,-1
0.4272,0.3498,0.0439,0.1137,0.3439,92.4035,-1
0.1977,-0.0124,0.0448,0.1696,0.0127,136.1029,-1
0.1140,-0.0090,0.0808,0.0884,0.1771,80.1856,-1
0.8060,0.3340,0.0648,0.1096,0.9433,124.4561,-1
0.3902,0.2193,0.0208,0.0553,0.2882,136.3723,-1
0.5279,0.9130,0.0757,0.5996,0.2351,128.8406,1
0.7960,0.3268,0.0408,0.1267,0.7322,113.3867,-1
0.6441,0.4739,0.0535,0.1677,0.0600,96.6657,-1
0.4551,0.1811,0.0332,0.1509,0.4061,173.2678,-1
0.6760,0.4857,0.2294,0.0383,0.5231,187.5456,-1
0.5342,0.7980,0.0668,0.3639,0.6976,140.9470,1
0.5088,0.5462,0.0447,0.1865,0.1823,132.6752,1
0.7409,0.3660,0.0039,0.1134,0.5298,116.4570,1
0.5768,0.4883,0.0446,0.2661,0.8572,70.5784,-1
0.6380,0.7606,0.0580,0.1565,0.5696,113.4195,1
0.6011,0.2963,0.0371,0.0740,0.2331,84.2838,-1
0.7674,0.3409,0.0984,0.3205,0.5159,128.3892,-1
0.3683,0.5772,0.0504,0.0334,0.2943,150.8420,-1
0.1599,0.1249,0.3279,0.2789,-0.0348,91.2610,-1
0.4899,0.7585,0.0444,0.2346,0.0607,94.4949,1
0.5111,0.5889,0.0351,0.0309,0.1859,153.7646,-1
0.2689,1.0593,0.5376,0.2708,0.0370,167.3487,1
0.1685,-0.0088,0.0568,0.1742,0.0161,79.1671,-1
0.5811,0.4201,0.0294,0.2211,0.7247,105.0844,-1
0.6081,0.5980,0.0704,0.3089,0.7609,161.2604,1
0.6787,0.8156,0.1795,0.3052,0.9783,127.5054,-1
0.2645,-0.0112,0.0262,0.0913,0.0266,54.4054,-1
0.3707,0.0773,0.0411,0.7592,0.4033,78.2700,-1
0.4850,-0.0289,0.0434,0.1581,0.3015,129.3734,-1
0.7326,0.5125,0.0243,0.0951,0.2865,110.4113,-1
0.8390,0.7480,0.0317,0.1428,0.3586,123.6310,1
0.5657,0.3908,0.0119,0.1856,0.4359,133.1792,-1
0.5258,0.1412,0.0564,0.0958,0.0582,129.6695,-1
0.6270,0.5827,0.0291,0.0867,0.5190,90.9638,-1
0.2465,0.0824,0.0771,0.1291,0.3580,93.7940,-1
0.4033,0.2170,0.0579,0.1038,0.1351,89.1438,-1
0.6434,0.7990,0.0663,0.1559,0.5042,120.6159,1
0.5654,0.2908,0.0235,0.1644,0.1010,163.0448,-1
0.5938,0.8005,-0.0100,0.1772,0.6266,96.0536,-1
0.6680,0.6887,0.0366,0.1707,0.5960,94.0871,1
0.6088,0.2667,0.0164,0.1090,0.1879,122.1413,-1
0.8747,0.4895,0.1670,0.1250,0.5615,136.1671,-1
0.4135,0.8510,0.0433,0.4846,0.1167,145.1749,1
0.5839,0.8978,0.0496,0.1088,0.3348,142.9391,1
0.7495,0.9476,0.0123,0.2069,0.8508,155.1576,-1
0.6517,0.3653,0.0190,0.0461,0.1084,76.7424,-1
0.5120,0.8302,0.0554,0.1591,0.5432,169.0882,-1
0.5533,0.7666,0.0499,0.1468,0.4577,119.5373,1
0.3916,0.2491,0.0405,0.0858,0.3106,109.0368,-1
0.6018,0.5448,0.0729,0.0403,0.7087,92.7518,-1
0.4789,0.1667,0.0589,0.0756,0.2131,79.6509,-1
0.7041,0.1930,0.0264,0.0552,0.0537,135.6416,-1
0.6953,0.9338,0.0440,0.1947,0.4139,136.5283,1
-0.0109,-0.0825,0.0033,0.1731,0.0970,5.1316,-1
0.2043,0.3916,0.0964,0.2967,0.1537,124.9659,-1
0.5993,0.9200,-0.0082,0.1398,0.7299,86.2135,-1
0.6973,0.6641,0.2439,0.1510,0.2918,126.4270,1
0.3338,0.4223,0.0341,0.1603,0.3072,85.1540,-1
-0.0336,-0.0155,0.0099,0.7315,-0.1154,-3.4705,-1
0.6896,0.5163,0.0358,0.2824,0.4428,113.2466,1
0.7201,0.5157,0.2181,0.1219,0.5455,84.9557,-1
0.9446,0.3479,0.1114,0.1562,0.5223,122.6783,1
0.3296,0.3071,0.0906,0.1146,0.2751,73.8202,-1
0.5648,0.5245,0.0431,0.0835,0.4214,124.4936,-1
0.6032,0.4536,0.0214,0.1362,0.9230,125.3330,-1
0.3310,0.5373,0.0454,0.2368,0.4137,197.8017,-1
0.4516,-0.0210,0.0467,0.1200,0.2653,97.8470,-1
0.5949,0.0254,0.0181,0.0932,0.7407,152.0196,-1
0.3321,0.2422,0.0367,0.0628,0.0233,131.7193,-1
0.4194,0.4777,0.0549,0.1607,0.2141,178.8398,-1
0.2764,-0.0427,0.0095,0.1119,-0.0291,95.1238,-1
0.5121,0.8736,0.1178,0.3792,0.1991,111.0677,1
0.4623,0.1017,0.0608,0.2338,0.4634,71.0559,-1
0.5087,0.9993,0.0892,0.1876,0.4094,144.7169,1
0.5546,0.5895,0.0752,0.0996,0.7101,139.0685,-1
0.8160,0.3471,0.4738,0.2178,0.8028,145.5674,-1
0.6917,0.8171,0.0510,0.2063,0.5664,115.9261,-1
0.1023,-0.0942,0.0002,0.7234,-0.1605,-1.0975,-1
0.8150,0.2587,0.0600,0.1697,0.5625,131.1601,-1
0.2386,0.0336,0.0470,0.0729,0.1994,87.9925,-1
0.6808,0.3640,0.4871,0.1554,0.3578,68.9154,-1
0.4949,-0.0042,0.0106,0.1166,0.1407,124.7693,-1
0.7491,0.6236,0.0844,0.0185,0.5812,132.9144,-1
0.0663,-0.0125,0.0358,0.1347,0.0267,55.4051,-1
0.6969,0.1584,0.0389,0.2942,0.5594,114.6902,-1
0.4368,0.2619,0.0293,0.1608,0.3260,54.5522,-1
0.2987,0.0394,0.0272,0.2731,0.1408,123.8019,-1
0.3978,0.2959,0.0354,0.1684,0.4801,85.4736,-1
0.6206,0.2615,0.0259,0.1012,0.5521,157.5403,-1
0.6422,-0.0411,0.0938,0.1911,0.2050,113.8405,-1
0.3095,0.0294,0.0126,0.1252,0.2162,86.4512,-1
0.5699,0.7419,0.1641,0.3616,0.5922,197.7639,1
0.0059,0.0445,-0.0077,0.0753,0.0682,-11.6363,-1
0.4892,0.8527,0.0711,0.2591,0.4658,118.6531,-1
0.7726,0.3835,0.0892,0.1531,0.4167,110.0073,1
0.4583,0.3468,0.0370,0.0445,0.0370,97.7822,1
0.4617,0.4518,0.0478,0.0874,0.1618,98.3316,-1
0.1327,0.0745,0.0559,0.1233,0.1831,65.0486,-1
0.4659,0.3781,0.0531,0.0602,0.0619,187.8775,-1
0.6052,0.7183,0.2214,0.1740,0.5941,152.7400,-1
0.8256,0.5817,0.1066,0.2456,0.2222,92.9437,1
0.6456,0.2319,0.0969,0.0673,0.2601,125.0712,-1
0.6058,0.3755,0.0199,0.0420,0.6287,78.5600,-1
0.7591,0.7705,0.2052,-0.0513,0.7663,124.3913,1
0.5216,0.2559,0.0409,0.0873,0.0938,139.8026,-1
0.4970,0.1757,0.0434,0.1411,0.1258,139.6215,-1
0.4924,0.8205,-0.0006,0.0815,0.2558,102.6794,-1
0.3602,0.0781,0.0322,0.1247,0.4217,111.0237,-1
0.6111,0.8414,0.1729,0.1833,0.2858,158.9011,-1
0.6455,0.0863,0.0542,0.1266,0.1798,118.0050,-1
0.6756,0.5399,0.0442,0.1045,0.7295,140.0733,-1
0.4022,1.0309,0.0242,0.3075,0.3354,161.8861,-1
0.1523,0.0784,0.0322,0.1212,0.2351,75.4366,-1
0.5958,0.8312,0.1205,0.3465,0.5917,124.3537,-1
0.4980,0.6307,0.0335,0.0461,0.4111,161.7439,-1
0.1402,0.8916,0.0550,0.8392,0.0269,79.8693,-1
0.5345,0.0262,0.0498,0.1802,0.2012,87.6576,-1
0.1704,-0.0073,0.0590,0.1535,0.0975,146.4446,-1
0.6799,0.4456,0.0479,0.1822,0.5627,144.0196,1
0.5679,1.0060,0.0135,0.1208,0.0549,116.7996,1
0.4789,0.8303,0.0168,-0.0067,0.1811,138.8975,1
0.4657,0.5983,0.1363,0.0910,0.1433,120.8623,1
0.5128,0.9490,0.0519,0.1079,0.0320,134.4435,1
0.6618,0.2780,0.0244,0.1760,-0.0266,85.3428,-1
0.6977,0.6540,0.0313,0.2718,0.6963,89.7242,-1
0.9500,0.7972,0.0402,0.1632,0.6255,110.2649,1
0.2836,0.7726,0.0759,0.2582,0.2254,174.7795,1
0.4376,0.0323,0.0393,0.2242,0.5445,96.9549,-1
0.4972,0.7472,0.0068,0.1927,0.5228,131.3264,-1
0.4321,-0.0624,0.0509,0.1816,0.3450,137.4169,-1
0.2648,0.2335,0.0309,0.0999,0.1846,70.5098,-1
0.6832,0.9625,0.0455,0.0430,0.6299,125.5580,1
0.6422,0.3103,0.1225,0.0475,0.6145,138.6493,-1
0.4829,0.7335,0.2026,0.1801,0.3280,171.9208,-1
0.7671,0.2087,0.3420,0.1387,0.5531,100.9229,-1
0.4007,0.6821,0.0402,0.1279,0.2658,174.3501,-1
0.6185,0.3047,0.0260,0.0750,0.2279,66.6267,-1
0.4708,0.8298,0.0630,0.0624,0.2333,130.8885,-1
0.7717,0.6735,0.1040,0.3628,0.7659,145.6243,1
0.0491,-0.0536,0.0035,0.5157,0.1308,-5.3822,-1
0.1227,0.1392,0.0460,0.1648,0.1332,72.4053,-1
0.3683,0.3348,0.0320,0.1334,0.2406,94.5169,-1
0.7419,0.8025,0.0694,0.1383,0.6185,97.3305,-1
0.5690,0.2711,0.0395,0.3026,0.5122,117.4811,-1
0.7169,0.2248,0.0670,0.2077,0.5998,155.7015,-1
0.5758,0.3749,0.0296,0.1669,0.6322,84.4182,-1
0.6128,0.5613,0.0573,0.1534,0.6202,158.0806,-1
0.6131,-0.0200,0.0381,0.0704,0.7870,89.6926,-1
0.2624,0.2692,0.0434,0.2686,0.0193,125.5165,-1
0.7238,0.9434,0.0572,0.1125,0.1491,143.8755,1
0.6312,0.2647,0.1534,0.0147,0.2013,169.7174,-1
0.2608,0.0182,0.0429,0.1106,0.3816,168.4758,-1
0.4678,0.3742,0.0386,0.1156,0.3548,177.2093,-1
0.5962,0.3871,0.0663,0.1351,0.9107,126.2022,-1
0.1373,0.3215,0.0619,0.4591,-0.0054,96.7876,-1
0.5995,0.8309,0.0913,0.1537,0.4434,154.1576,1
0.8102,0.5316,0.0258,0.1880,0.8279,102.5698,-1
0.7479,0.5621,0.0106,0.0202,0.1674,115.5086,-1
0.8466,0.6747,0.0775,0.1613,0.6726,123.4032,1
0.7891,0.6258,0.1030,0.1251,0.2744,120.1066,1
0.6750,1.0457,0.0536,0.4455,0.1849,133.0969,1
0.3819,0.6093,0.0434,0.2408,0.2046,65.1919,-1
0.0655,0.1517,0.0284,0.0970,0.0497,150.2672,-1
0.4892,0.7615,0.0352,0.2374,0.4568,152.6402,-1
0.5581,0.6285,0.0295,0.0710,0.1662,136.3823,1
0.8192,0.2782,0.0820,0.1541,0.5263,142.9569,-1
0.5522,0.8186,0.0510,0.2928,0.4781,114.8912,1
0.6560,1.0108,0.0456,0.1432,0.7207,79.9387,-1
0.3541,0.3784,0.0349,0.1459,0.2127,116.8851,-1
0.5976,0.2576,0.0940,0.8467,0.5609,113.3399,-1
0.5697,0.5455,0.1055,0.1463,0.7532,101.6068,-1
0.7382,0.2653,0.1241,0.3056,0.3973,84.3593,-1
0.2971,0.0870,0.0438,0.0697,0.1715,88.8377,-1
0.6162,0.6710,0.0153,0.0091,0.2965,92.3855,-1
0.5484,0.1231,0.0415,0.0818,0.6248,163.3206,-1
0.9076,0.0229,0.4626,0.0511,0.2986,139.0437,-1
0.9077,0.3663,0.0953,0.1156,0.8734,126.8337,-1
0.0429,0.5900,-0.0007,0.5142,0.0676,0.2699,-1
0.5164,0.0564,0.0178,0.0686,0.1974,86.9343,-1
0.5134,0.0621,0.0397,0.1157,0.3869,115.0923,-1
0.7840,0.7274,0.0618,0.0703,0.7910,158.0509,-1
0.8605,0.8688,0.1471,0.2770,0.5667,105.6618,1
0.4352,0.5777,0.0967,0.0707,0.9064,78.0568,-1
0.5269,0.2318,0.0045,0.0689,0.2177,144.1794,-1
0.6428,0.3902,0.0443,0.1223,0.3337,132.4114,-1
0.8135,0.2396,0.0386,0.1593,0.3175,76.9480,-1
0.5695,0.3752,0.0342,0.0076,0.3145,129.9925,-1
0.8655,0.4190,0.1515,0.1716,0.6124,145.4685,-1
0.6256,0.3208,0.0616,0.0668,0.6949,84.6961,-1
0.7595,0.7838,0.0661,0.2344,0.9845,142.7093,1
0.5645,0.8102,0.1021,0.5716,0.2691,131.4270,1
0.1679,-0.1366,0.0418,0.1159,0.0728,67.4261,-1
0.7998,0.5905,0.1048,0.1413,0.4132,83.0510,-1
0.7688,0.6663,0.0406,0.5808,0.1983,93.2517,-1
0.7712,0.6289,0.0438,0.1721,0.6843,140.1160,-1
0.1828,0.7535,0.0951,0.1960,0.0777,105.7399,-1
0.6868,0.3772,0.0471,0.0935,0.4102,119.1821,-1
0.6456,0.8082,0.0641,0.1590,0.5695,132.9875,1
0.6664,0.8295,0.0498,0.0879,0.5474,141.5658,1
0.2910,0.0537,0.0163,0.1152,0.3020,94.0801,-1
0.7215,0.8924,0.0378,0.3799,0.7372,111.9433,1
0.7856,0.2967,0.2933,0.1316,0.3707,127.0369,-1
0.3665,0.0001,0.0491,0.0842,0.2189,63.5283,-1
0.6275,0.2837,0.0483,0.0678,0.2531,109.4109,-1
0.2676,0.4514,0.0179,0.1678,0.3277,180.6588,-1
0.4083,0.8130,0.2620,0.1125,0.5219,139.2013,1
0.4328,0.0403,0.0442,0.0991,0.5767,89.9585,-1
0.5816,0.8597,0.0565,0.3074,0.8108,83.6355,-1
0.2122,0.1539,0.0324,0.0101,0.0115,74.7035,-1
0.7895,0.6516,0.2478,0.1246,0.2077,129.7647,1
0.3758,0.0664,0.0473,0.1115,0.1235,93.2867,-1
0.4940,0.2902,0.0365,0.1369,0.2892,90.1681,-1
0.6480,0.1419,0.0393,-0.0281,0.7274,117.5985,-1
0.4696,0.2159,0.0480,0.4704,0.0832,110.1090,-1
0.6772,0.4914,0.0547,0.0761,0.2785,101.4872,-1
0.6581,0.6906,0.0959,0.1658,0.4989,122.2554,1
0.5778,0.6560,0.0714,0.7600,0.7038,146.7083,-1
0.5115,0.3162,0.0391,0.6735,0.8094,75.0755,-1
0.5458,0.7256,0.0242,0.3308,0.3666,117.6264,1
0.6820,0.6370,0.0298,0.1424,0.4452,114.3425,1
0.7528,0.7116,0.0635,0.1231,0.2605,141.1403,1
0.6361,0.7094,0.2994,0.6603,0.2879,92.3846,-1
0.7131,0.3450,0.0916,0.0726,0.5875,90.5733,-1
0.6604,0.5063,0.0450,0.1484,0.1592,104.9350,-1
0.5160,0.1739,0.0179,0.0997,0.2868,151.5889,-1
0.4838,0.9136,0.0913,0.2700,0.3695,146.9182,1
0.8349,0.4724,-0.0044,0.0600,0.8605,102.2243,-1
0.4975,0.6994,0.0683,0.3842,0.6787,162.8738,-1
0.4379,0.8421,0.0761,0.3787,0.5930,161.4014,-1
0.8414,0.8925,0.0754,0.2699,0.9138,113.6101,1
0.3463,0.2537,0.0457,0.1063,0.1609,83.4908,-1
0.5912,0.5255,0.0215,0.3999,0.6892,142.5446,-1
0.6158,0.4386,0.0391,0.1064,0.1654,86.8369,-1
0.6503,0.7779,0.0967,0.0952,0.7964,123.0731,1
0.4901,0.0765,0.0125,0.1126,0.2218,138.4021,-1
0.3454,0.8868,0.0499,0.7714,-0.0260,95.1091,-1
0.7049,0.9605,0.0949,0.1110,0.3968,136.6352,-1
0.6941,0.6706,0.0309,0.1162,0.3462,113.2930,1
0.7639,0.9948,0.0332,0.1425,0.7947,121.3249,-1
0.5828,0.2076,0.0662,0.1717,0.3083,175.4640,-1
0.5852,0.6579,0.0855,0.2806,0.4940,128.1527,1
0.4255,0.5816,0.0794,0.3491,0.3771,172.2389,1
0.6812,0.5193,-0.0051,0.0531,0.3260,120.6631,-1
0.3703,0.1994,0.0497,0.1172,0.2966,138.9342,-1
0.3956,0.2918,0.0417,0.1747,0.2188,94.1114,-1
0.6329,0.3096,0.0547,0.1073,0.3399,148.5166,-1
0.6876,0.3962,0.0387,0.0865,0.1043,122.4260,-1
0.5393,0.2852,0.0257,0.1178,0.5993,151.3209,-1
0.1806,-0.0004,0.0492,0.0683,0.0970,137.3897,-1
0.4292,0.2479,0.0487,0.1707,0.0865,104.8309,-1
0.6544,0.6444,0.1110,0.1012,0.3988,171.3346,1
0.6596,0.7404,0.0222,0.0363,0.3962,100.2176,-1
0.6689,0.2714,0.0708,0.1817,0.1929,74.5985,-1
0.6791,0.6084,0.0385,0.1295,0.4093,133.7681,1
0.1213,0.1493,0.0949,0.0369,0.1847,104.9697,-1
0.6502,0.9030,0.0593,0.1634,0.2182,93.7042,1
0.4622,0.5202,0.1323,0.0866,0.1259,117.6365,-1
0.5494,0.6691,0.0610,0.2777,0.8753,74.4787,-1
0.7658,0.7828,0.3617,0.2932,0.3231,164.9656,1
0.2235,-0.0164,-0.0012,0.1283,0.3178,91.4325,-1
0.6307,-0.0510,0.0337,0.1251,0.3136,174.8701,-1
0.3900,0.7732,0.0652,0.1392,0.5759,158.1269,-1
0.5482,0.3851,0.0303,0.3988,0.4330,159.7528,-1
0.4840,0.4657,0.0155,0.1634,0.3817,173.9718,-1
0.5473,0.3230,0.0658,0.0471,0.0778,108.7423,-1
0.5272,0.5146,0.0259,0.1187,0.1458,97.4488,-1
0.5518,0.3471,0.2371,0.1146,0.3947,148.2382,-1
0.8120,0.3653,0.0395,0.1266,0.5298,69.5799,-1
0.8408,0.1923,0.0514,0.0798,0.8540,108.9806,-1
0.6864,0.4423,0.0939,0.0263,0.3946,131.1163,-1
0.5340,0.1534,0.0812,0.1144,0.4345,89.2641,-1
0.4994,0.4764,0.0672,0.0989,0.5450,140.5503,-1
0.7833,0.2868,0.0895,0.1724,0.0237,93.0958,-1
0.3188,0.1263,0.0262,0.0443,0.0882,133.6794,-1
0.4303,0.9640,0.0794,0.1371,0.3074,161.8791,1
0.5637,0.1174,0.1389,0.1826,0.2146,170.8502,-1
0.6438,0.7047,0.0208,0.1607,0.1262,121.9900,1
0.5246,0.3691,0.0571,0.0395,0.7672,152.7938,-1
0.6241,0.1660,0.0542,0.0802,0.2109,128.0841,-1
0.4835,0.4379,0.1039,0.1306,0.2107,84.0166,-1
0.7315,0.5865,0.0761,0.1212,0.6655,90.1064,-1
0.3978,0.6447,0.0371,0.2810,0.5758,153.5560,-1
0.5308,0.6726,0.0539,0.6310,0.5991,107.8017,-1
0.4778,0.5132,0.0584,0.0481,-0.0189,139.2687,-1
0.5908,0.6308,0.0358,0.0765,0.0360,138.8657,-1
0.6914,0.2541,0.3500,0.1748,0.2022,132.6199,-1
0.7013,0.9365,0.3232,0.2348,0.7180,125.6957,1
0.4922,0.8143,0.3091,0.6757,0.5138,93.7455,-1
0.3024,0.1139,0.0215,0.2573,0.0046,114.8875,-1
0.6679,0.4708,0.0761,0.1335,0.4789,93.9639,-1
0.7166,0.7367,0.0438,0.5196,0.2855,75.2791,1
0.4672,-0.0278,0.0326,0.1007,0.0277,174.3506,-1
0.3188,0.3095,0.0417,0.1759,0.4041,155.0578,-1
0.3685,0.1471,0.0425,0.1063,0.0445,63.6814,-1
0.5230,0.4251,0.0445,0.1748,0.2832,145.1524,-1
0.7755,0.7614,0.0837,0.0513,0.1976,126.4853,1
0.5085,0.5307,0.0428,0.3914,0.2546,116.1663,-1
0.4036,0.1876,0.0220,0.1139,0.3544,145.2330,-1
0.7002,0.9289,0.0455,0.1554,0.3236,126.8943,-1
0.6104,0.1583,0.0514,0.0805,0.4069,169.2537,-1
0.1762,0.0986,0.0816,0.1347,-0.0479,166.2423,-1
0.6617,0.5758,0.0270,0.2706,0.8701,65.9951,-1
0.4867,0.3161,0.2149,0.0794,0.8086,186.0810,-1
0.5681,0.6225,0.0369,0.0285,0.3336,83.2994,-1
0.7903,0.3597,0.0484,0.0876,0.7788,102.5752,-1
0.6543,0.7129,0.0255,0.2109,0.9618,111.2884,-1
0.4980,0.8260,0.0277,0.0716,0.1138,129.5982,-1
0.7443,0.5768,0.1089,0.0468,0.5121,102.0365,1
0.5480,0.6485,0.1504,0.4869,0.8915,175.0080,-1
0.6920,0.7243,0.0739,0.1323,0.7949,96.6446,-1
0.5737,0.7335,0.0446,0.0647,0.8904,95.1401,-1
0.3847,0.3143,0.0363,0.2072,0.2704,188.8514,-1
0.1770,0.0367,0.0177,0.1236,0.4019,111.1914,-1
0.6525,0.4838,0.4762,0.1633,0.7986,182.1804,-1
0.6853,0.7250,0.1029,0.2044,0.8483,117.9313,1
0.5563,0.3382,0.0155,0.7216,0.1527,129.6741,-1
0.9101,0.7478,0.0365,0.0771,0.4498,123.1722,1
0.1747,0.2208,0.0287,0.1898,0.2583,57.6993,-1
0.4454,0.9375,0.0174,0.3792,0.0593,173.5587,1
0.2505,0.1228,0.0304,0.1311,0.0603,77.0288,-1
0.4744,0.4868,0.0128,0.7027,0.5627,111.9871,1
0.6495,0.4415,0.0472,0.1256,0.1428,119.5936,1
0.3817,-0.0365,0.0250,0.1343,0.0019,123.6888,-1
0.5482,0.3949,0.0182,0.2333,0.4172,114.4513,-1
0.4513,0.6982,0.0604,0.2244,0.3940,84.3195,-1
0.2095,0.3236,0.0555,0.1804,-0.0096,74.3513,-1
0.6017,0.5744,0.1255,0.5135,1.0571,168.4292,-1
0.4676,0.4328,0.0425,0.4627,0.5529,127.9699,-1
0.8006,0.7669,0.0620,0.1504,0.5082,84.7542,-1
0.8013,0.7747,0.0660,0.1070,0.8696,156.6455,1
0.3073,0.1591,0.0311,0.1544,0.2539,115.1276,-1
0.5645,0.3897,0.1177,0.1337,0.3653,103.7832,-1
0.1054,0.1073,0.0293,0.1412,0.0584,103.4562,-1
0.5907,0.2629,0.0110,0.1254,0.6338,150.2926,-1
0.7499,0.9483,0.0804,0.4252,0.6234,135.2702,1
0.7578,0.7812,0.0699,-0.0150,0.9202,155.3533,-1
0.5220,0.0811,0.0872,0.1166,0.2994,85.9781,-1
0.4091,0.2965,0.0253,0.1487,0.4973,166.1581,-1
0.7764,0.7558,0.0513,0.2159,0.5378,128.4096,1
0.1608,0.1739,0.0305,0.1982,-0.0046,96.0509,-1
0.6260,0.5002,0.0508,0.0835,0.1382,86.3726,-1
0.7033,0.4197,0.0034,0.0903,0.1810,95.5526,-1
0.2554,0.5088,0.0176,0.0964,0.1010,98.6744,-1
0.6495,0.4998,0.0457,0.0673,0.6385,119.5060,-1
0.6708,0.8966,0.0440,0.0960,0.7135,115.9451,1
0.4316,0.4069,0.0383,0.0686,0.1988,137.6293,-1
0.1535,0.9642,0.0934,0.2574,0.0133,126.3230,-1
0.3899,-0.1469,0.0584,0.1857,0.0446,73.0916,-1
0.5262,0.9742,0.0475,0.0657,0.0829,120.1712,1
0.0267,0.0877,0.0794,0.1646,0.0515,68.7665,-1
0.4854,0.7971,0.0540,0.3362,0.0695,154.1462,-1
0.0725,0.9738,0.0295,1.0046,0.0273,107.3958,-1
0.6640,0.2535,0.0935,0.1834,0.5639,113.6488,-1
0.4576,0.2020,0.0170,0.1490,0.1593,103.2422,-1
0.3849,0.8279,0.0467,0.2734,0.9888,134.1677,-1
0.7852,0.9769,0.1704,-0.0433,0.7002,133.0299,1
0.7189,0.1329,0.0507,0.2320,0.6614,127.5394,-1
0.7107,0.4635,0.1140,0.1056,0.5233,94.6803,-1
0.6593,0.4017,0.0433,0.0586,0.7049,185.2026,-1
0.7410,0.9066,0.0808,0.2980,0.8543,116.4414,1
0.4931,0.0152,0.0373,0.0930,0.0707,67.5350,-1
0.4893,0.8937,0.0499,0.2396,0.4016,141.4271,-1
0.6377,0.3568,0.0441,0.0163,0.0938,114.1271,1
0.7892,0.7236,0.1291,0.0740,0.5023,121.5194,1
0.7499,0.4573,0.1318,0.3264,0.3983,123.8490,-1
0.7561,0.1868,0.0914,0.0617,0.4608,88.7812,-1
0.7799,0.5283,0.0513,0.0562,0.9169,102.2809,-1
0.3574,0.4979,0.0427,0.0985,0.3120,163.7404,-1
0.4507,0.8279,0.0469,0.1507,-0.0762,102.1223,-1
0.7915,0.4986,0.0296,0.1295,0.1743,74.7836,-1
0.7297,0.9647,0.0702,-0.0311,0.2837,119.4921,1
0.7434,0.2930,0.0781,0.2534,0.4208,147.9998,-1
0.7546,0.7095,0.1512,0.4002,0.6917,92.5151,-1
0.4005,0.2469,0.0284,0.0754,0.2710,121.7490,-1
0.4394,0.2110,0.0367,0.0746,0.3457,140.6513,-1
0.3658,0.8055,0.1283,0.2578,0.9214,80.8947,-1
0.7023,0.4619,0.0652,0.0744,0.0893,112.2208,1
0.4875,0.1918,0.0222,0.1231,0.4826,85.3990,-1
0.7875,0.4177,0.0857,0.2261,0.6715,94.2389,-1
0.4445,0.0945,0.0276,0.0637,0.1667,126.6363,-1
0.4023,0.3795,0.0395,0.1724,0.0072,141.8359,-1
0.2725,0.4651,0.0046,0.0394,0.2569,80.1374,-1
0.4750,0.2901,0.0344,0.1175,0.2285,112.1992,-1
-0.0301,0.0822,-0.0034,0.4574,-0.0295,-0.5737,-1
0.7458,0.4529,0.0510,0.0170,0.5821,123.0573,-1
0.6838,0.5144,0.1279,0.1767,0.4554,95.1682,-1
0.4221,0.3848,0.0154,0.0982,0.3321,175.1907,-1
0.4595,0.5286,0.0567,0.0623,0.1162,146.2149,1
0.7900,0.7199,0.0774,0.0985,0.4652,149.1621,1
0.7092,0.4288,0.0385,0.2132,0.3820,115.5850,-1
0.1606,0.2098,0.0321,0.1647,0.1300,96.5754,-1
0.3227,0.1788,0.0415,0.1099,0.2752,95.6970,-1
0.7349,0.8799,0.0640,0.1965,0.7554,141.5302,1
0.4154,0.2670,0.2213,0.0573,0.2993,168.6561,-1
0.7376,0.3671,0.1666,0.0888,0.3826,91.2762,-1
0.8285,0.5499,0.0763,0.2343,0.1938,80.8813,-1
0.7161,0.3228,0.0700,0.2504,0.1763,112.0486,-1
0.6255,0.8924,0.3395,0.6290,0.2204,124.1880,1
0.6815,0.3350,0.0615,0.1685,0.4705,159.0935,-1
0.6363,0.8345,0.0363,0.2028,0.4814,88.3218,-1
0.6434,0.0787,0.0290,0.1202,0.0580,74.9709,-1
0.5468,0.4630,0.0230,0.1885,0.8736,149.4475,-1
0.4401,0.9271,0.0617,0.0716,0.5385,137.9378,-1
0.7389,0.4878,0.0315,0.0510,0.7391,150.6534,-1
0.6204,0.2585,0.0587,0.1771,0.3194,139.2116,-1
0.6089,0.7647,0.0266,0.1337,0.4045,122.2287,1
0.4762,0.3982,0.0599,0.1797,0.7289,72.3065,-1
0.7215,0.5199,0.0055,0.1133,0.4429,109.0785,-1
0.6977,0.7541,0.0259,0.3451,0.3793,116.2755,1
0.2198,-0.0594,0.0276,0.0887,0.0399,60.3057,-1
0.3418,0.8322,0.0636,0.0399,0.3507,79.9392,-1
0.4771,0.2752,0.0376,0.0727,0.0971,93.7746,-1
0.9441,0.4195,0.3647,0.0111,0.7277,151.2705,-1
0.4646,0.1154,0.0058,0.0581,0.3308,139.9779,-1
0.7039,0.2080,0.0402,0.1395,0.0591,112.0619,-1
0.7833,0.7210,0.0682,0.0334,0.7947,111.9603,1
0.2862,0.1200,0.0426,0.1331,0.3596,82.3257,-1
0.3457,0.0681,0.0510,0.0816,-0.0085,151.5492,-1
0.3054,0.2216,0.0576,0.1718,0.8557,140.8829,-1
0.1796,0.9525,0.0344,0.8751,-0.1231,86.7018,-1
0.5593,0.7589,0.1118,0.1205,0.9687,146.6743,1
0.6201,0.8818,0.1566,0.2724,0.9910,152.3634,-1
0.5613,0.5931,0.0120,0.3056,0.7216,99.1896,-1
0.7191,0.4225,0.0462,0.2977,0.8039,81.3628,-1
0.4550,0.3373,0.0499,0.1679,0.3677,82.5114,-1
0.3982,-0.0294,0.0423,0.0792,0.2456,149.3474,-1
0.4596,-0.0460,0.0726,0.1075,0.3800,60.0191,-1
0.2769,-0.0556,0.0408,0.1353,0.0380,66.6860,-1
0.3930,0.6538,0.0279,0.0045,0.2629,135.8157,1
0.3460,-0.0274,0.0331,0.1471,0.5027,152.4104,-1
0.4582,0.1585,0.0080,0.1570,-0.0017,140.0094,-1
0.6077,0.7625,0.0931,0.4400,0.1814,119.2354,1
-0.0460,0.0130,-0.0053,0.0940,0.0850,14.1134,-1
0.6931,0.7923,0.0279,0.0879,0.6411,109.3570,1
0.2724,0.4226,0.0610,0.1225,0.2685,165.9869,-1
0.2885,0.0570,0.0462,0.1585,0.0551,177.9453,-1
0.5884,0.7825,0.0253,0.1274,0.2728,113.2467,1
0.0934,0.6642,0.1499,0.4011,-0.0045,86.1257,-1
0.0274,0.1678,0.0402,0.0222,0.1028,87.6969,-1
0.7915,0.2398,0.0620,0.0994,0.0705,132.9328,-1
0.7567,0.6190,0.0513,0.3999,0.7147,98.2029,-1
0.4680,0.6635,0.0749,0.1018,0.2376,79.9703,-1
0.6893,0.2164,0.0021,0.1051,0.5228,136.0395,-1
0.3821,0.7540,0.0469,0.1122,0.3106,144.9072,1
0.7820,0.3407,0.1973,0.1331,0.3340,90.4017,1
0.4844,0.1903,0.0319,0.1367,0.1479,127.9177,-1
0.0939,0.9242,0.0835,0.8420,-0.0679,80.8225,-1
0.8364,0.6546,0.0366,0.0893,0.5779,82.6528,-1
0.6391,0.6542,0.0613,0.0807,0.0710,83.3003,-1
0.9166,0.9170,0.0882,0.5159,0.5500,128.3564,1
0.3808,0.0054,0.0379,0.2067,0.3733,80.6256,-1
0.2942,0.4322,0.0552,0.1632,0.2113,167.1281,-1
0.2140,0.0596,0.0159,0.1033,0.1685,78.6937,-1
0.3636,0.9211,0.0512,0.2678,0.3474,132.8609,1
0.4769,0.3292,0.0562,0.2448,0.7285,201.3491,-1
0.5387,0.0285,0.0388,0.1670,0.4254,123.3488,-1
0.5876,0.7262,0.1128,0.0544,0.8754,127.3443,1
0.9133,0.4086,0.0420,0.0800,0.5231,134.3242,-1
0.8197,0.4095,0.0375,0.1170,0.6650,72.3041,-1
0.6420,0.8374,0.0119,0.7208,0.5858,118.1856,1
0.5111,0.8115,0.0868,0.0416,0.4737,157.8454,1
0.6986,0.2820,0.1025,0.1623,0.4745,75.9770,-1
0.5801,0.4380,0.1167,0.2618,0.3768,73.3780,-1
0.5432,1.0643,0.1311,0.1065,0.6461,91.6618,-1
0.7546,0.6564,0.0292,0.1583,0.9077,103.3089,-1
0.2984,0.1650,0.0211,0.0815,0.1595,130.7139,-1
0.6285,0.4457,0.0203,0.1633,0.2180,77.1703,-1
0.5695,0.1623,0.0409,0.1075,0.1980,128.4621,-1
0.3714,0.7538,0.0415,0.1055,0.4878,118.1928,-1
0.4951,0.1399,0.0163,0.0351,0.2847,115.0645,-1
0.7307,0.5816,0.0359,0.1885,0.5719,129.7194,1
0.6839,0.5259,0.3674,0.1988,0.2597,159.7020,-1
0.7620,0.7232,0.0853,0.3833,0.3248,138.5259,1
0.8051,0.6357,0.0564,0.0043,0.3612,125.4032,1
0.4106,0.3569,0.0484,0.1426,0.2953,162.2313,-1
0.5865,0.2486,0.0168,0.1526,0.2298,75.1142,-1
0.8234,0.0322,0.0663,0.1149,0.1082,79.7958,-1
0.2045,0.3878,0.0309,0.0918,0.1096,117.9742,-1
0.6397,0.8881,0.0551,0.1452,0.3272,127.0493,1
0.3493,0.3697,0.0218,0.2067,0.1471,172.6595,-1
0.6427,0.4852,0.0882,0.0456,0.2622,154.7754,-1
0.7958,0.7276,0.0531,0.3277,0.8934,119.7011,1
0.7372,0.2492,0.0242,0.0623,0.7105,143.7951,-1
0.6904,0.2274,0.0183,0.1092,0.2629,110.5808,-1
0.7140,0.2070,0.0187,0.1290,0.1821,136.8333,-1
0.1825,-0.0406,0.0415,0.0856,0.0659,78.5510,-1
0.4939,0.0150,0.0281,0.1176,0.3068,120.4065,-1
0.8830,0.8482,0.0552,0.0323,0.9476,102.0977,1
0.3416,1.0286,0.0668,1.0097,0.0142,103.8390,-1
0.5205,0.2470,0.0382,0.0863,0.6143,134.5415,-1
0.7481,0.4759,0.2794,0.1809,0.4835,106.9569,-1
0.2314,0.1045,0.0541,0.0948,-0.0248,62.9469,-1
0.6986,1.0934,0.0476,0.0458,0.7930,125.2025,1
0.7651,0.6615,0.0208,0.1772,0.6470,116.3466,-1
0.2044,0.1099,0.0116,0.1649,0.1660,73.4654,-1
0.4382,0.0949,0.0335,0.2996,0.3329,76.3064,-1
0.4702,0.6416,0.0260,0.0351,0.3012,146.7674,-1
0.1994,1.0042,0.0533,0.9047,-0.0179,89.0035,-1
0.4133,0.8748,0.0332,0.5855,0.5415,155.5762,1
0.4368,0.4444,0.0433,0.0827,0.3602,85.2643,-1
0.6419,0.4481,0.0276,0.1299,-0.0227,70.0793,-1
0.4327,0.1590,0.0352,0.0997,0.6023,77.6788,-1
0.2072,0.1956,0.0537,0.1947,0.0676,94.9039,-1
0.7312,0.5117,0.0949,0.0283,0.9706,92.9597,-1
0.2802,0.1664,0.0484,0.1182,0.1554,138.2437,-1
0.6417,0.8117,0.0589,0.4415,0.0901,122.7976,1
0.6049,0.1180,0.0184,0.2791,0.1630,124.1170,-1
0.8439,0.7133,0.0400,0.0951,0.8171,113.5393,1
0.7071,0.2743,0.0527,0.1759,0.5091,133.5820,-1
0.2857,0.7909,0.0919,0.0898,0.5913,37.2001,-1
0.1419,0.3995,0.0530,0.7809,-0.0796,98.3747,-1
0.2119,0.0486,0.0174,0.1268,-0.0174,65.7902,-1
0.7089,0.9001,0.1948,0.0854,0.0039,146.8093,1
0.5951,0.2346,0.0528,0.1551,0.2167,130.3704,-1
0.6570,0.2707,0.0146,0.0887,0.3191,136.1291,-1
0.4582,0.6920,0.0907,0.0994,0.4130,70.0505,1
0.3339,0.0761,0.0348,0.1553,0.1675,100.2426,-1
0.0667,0.4617,0.2486,0.0989,-0.0099,46.9922,-1
0.2028,0.9550,0.0324,0.9924,0.0146,73.7019,-1
0.6069,0.5215,0.0697,0.1552,0.6625,148.0489,1
0.5152,1.0423,0.0915,0.2615,0.5234,107.0529,1
0.3721,0.1412,0.0326,0.0721,0.0849,112.0556,-1
0.3908,0.0446,0.0283,0.1194,0.3273,107.7333,-1
0.0636,0.0025,-0.0180,0.0980,0.0665,-6.0927,-1
0.6242,0.1532,0.0224,0.0724,0.3332,85.7835,-1
0.7622,0.6662,0.0580,0.0709,0.4763,131.7218,-1
0.3376,0.4859,0.0466,0.0845,0.3414,133.4842,1
-0.0103,0.0115,0.0190,0.3151,-0.0061,-4.7417,-1
0.8631,0.6439,0.0699,0.4113,0.7205,79.5925,-1
0.5514,0.7808,-0.0005,0.5886,0.7432,146.4572,-1
0.4480,0.0751,0.0389,0.0476,0.0915,139.1477,-1
0.6173,0.4698,0.1341,0.0721,0.2373,77.4377,-1
0.8275,0.4127,0.0443,0.1781,0.3946,132.8828,-1
0.6450,0.5557,0.0472,0.0650,0.6444,156.5965,-1
0.7529,0.4680,0.0376,0.3512,0.3440,93.0510,-1
0.6580,0.5583,0.0529,0.1368,0.1682,144.6946,1
0.7469,0.1051,0.3416,0.4466,0.6563,138.8651,1
0.7474,0.7668,0.0370,0.0400,0.3457,108.4037,1
0.2077,0.9193,0.0394,1.0086,-0.0279,110.0294,-1
0.4773,0.4375,0.1360,0.2631,0.2166,166.1849,-1
0.7420,0.5519,0.0598,0.1761,0.6170,131.7224,-1
0.6350,0.5096,0.1288,0.0170,0.3603,77.1473,-1
0.6477,0.8188,0.0432,0.0930,0.9953,150.9461,1
0.3522,0.1003,0.0287,0.2217,0.0876,126.0568,-1
0.3954,0.4625,0.0492,0.0856,0.3515,52.4638,-1
0.1736,0.1509,0.0712,0.1519,0.1962,100.7812,-1
0.2906,0.0134,0.0475,0.1390,0.2613,188.0712,-1
0.5881,0.7215,0.0633,0.3204,0.2663,122.8192,1
0.3353,0.7293,0.0515,0.0839,0.2545,140.0204,-1
0.6251,0.4040,0.0302,0.0983,0.1900,75.1174,-1
0.6860,0.4683,0.0526,0.0826,0.5424,87.7829,-1
0.5071,0.5460,0.0326,0.1320,0.3107,59.9275,-1
0.1812,0.1567,0.0427,0.1337,0.4071,73.1309,-1
0.5638,0.5883,0.0297,0.0943,0.3514,87.9791,-1
0.7122,0.0740,0.2093,0.7488,0.4671,179.7782,-1
0.1378,-0.0198,0.0604,0.1083,0.0525,132.7202,-1
0.8091,0.5584,0.0621,0.0706,0.1071,88.1382,-1
0.2912,0.9013,0.1004,0.0579,0.1365,155.8226,1
0.5861,0.1518,0.0767,0.1261,0.3680,133.9977,-1
0.7660,0.3434,0.0431,0.0539,0.3650,126.0405,-1
0.4009,0.2214,0.0109,0.0590,0.1580,199.4347,-1
0.4556,0.1357,0.0523,0.1281,0.1775,129.6949,-1
0.8306,0.8655,0.0328,0.1802,0.1201,118.5490,1
0.5425,0.1316,0.0040,-0.0054,0.2222,88.0982,-1
0.6902,0.0159,0.0711,0.1067,0.6810,78.7493,-1
0.9694,0.7574,0.2732,0.1472,0.5810,144.4889,1
0.6328,0.3841,0.0371,0.1489,0.3932,83.4480,-1
0.5127,0.7783,0.0459,0.1033,0.5212,144.8534,1
0.7638,0.9897,0.1410,0.0991,0.3188,138.3164,1
0.6366,0.9083,0.0778,0.2910,0.8356,135.3286,-1
-0.0223,-0.1005,0.0146,0.3532,0.0631,1.0239,-1
0.7413,0.3796,0.0458,0.1057,0.5263,177.0398,-1
0.2161,0.8435,0.0442,0.1416,0.0466,118.9778,-1
0.7064,0.9396,0.0340,0.1356,0.6293,135.6824,1
0.7318,0.7019,0.0363,0.1458,0.5068,130.7311,-1
0.5467,0.8324,0.0577,0.1737,0.1888,108.3031,-1
0.7125,0.3248,0.0561,0.2014,0.3041,111.7026,1
0.7987,0.6623,0.0720,0.2438,0.7913,127.5118,-1
0.4890,0.5590,0.1095,0.0902,0.1711,64.5608,-1
0.4999,0.0566,0.0811,0.0613,0.2112,112.7932,-1
0.5190,0.4458,-0.0003,0.1179,0.1113,150.7025,-1
0.5226,-0.0522,0.1928,0.1471,0.3186,73.7783,-1
0.6361,0.5281,0.0428,0.0920,0.7958,132.4622,-1
0.4445,0.9497,0.0095,0.0066,0.5962,164.9553,1
0.7674,0.4997,0.0036,0.1662,0.4682,131.5411,-1
0.2422,0.2388,0.0778,0.1509,0.1020,67.8801,-1
0.5077,0.7325,0.0640,0.2197,0.5012,128.1273,-1
0.5108,0.1313,0.0992,0.1922,0.5177,137.9496,-1
0.7147,0.7493,0.2323,0.0910,0.9572,94.7100,-1
0.4266,0.0834,0.0209,0.1520,0.4753,98.1957,-1
0.8217,0.0411,0.0447,0.1240,0.3968,132.6547,-1
0.2229,0.2715,0.0578,0.3672,0.0283,48.8781,-1
0.6251,1.1434,0.1162,0.1797,0.9051,175.5778,-1
0.4489,0.1629,0.0290,0.0688,0.5622,135.2376,-1
0.4798,0.0360,0.2311,0.0152,0.3233,112.1548,-1
0.6809,0.4016,0.1058,0.1591,0.6325,69.9972,-1
0.5428,0.5030,0.0102,0.1280,0.6254,102.2500,-1
0.1769,0.2884,0.0610,0.1146,-0.0176,103.8789,-1
0.5787,0.4103,0.0945,0.0721,0.3040,66.4678,-1
0.5920,0.7174,0.0263,0.1266,0.5062,110.9836,1
0.7134,0.3487,0.1935,0.0134,0.4252,101.4219,-1
0.4273,0.8047,0.0246,0.3395,0.5712,120.9589,1
0.4567,0.0995,0.0291,0.0251,0.4878,148.2569,-1
0.6043,0.2024,0.0259,0.0722,0.1959,129.0747,-1
0.1534,0.0209,0.0732,0.1374,0.0807,135.9786,-1
0.6756,0.4782,0.0967,0.2987,0.2939,74.7771,-1
0.6774,0.9062,0.0731,0.0496,0.1735,137.1179,1
0.6329,0.3734,0.0481,0.1352,0.3569,90.2518,-1
0.6355,0.6991,0.0566,0.1320,0.5908,153.6043,-1
0.4203,0.4118,0.0250,0.2099,0.4567,127.1764,-1
0.2041,0.0396,0.0064,0.0914,0.0395,73.4301,-1
0.4348,0.3423,0.0704,0.0908,0.1198,97.2818,-1
0.5369,0.1168,0.0632,0.0602,0.2315,100.3002,-1
0.7378,0.3806,0.0432,0.1107,0.1911,136.9296,1
0.4435,0.1234,0.0691,0.1540,0.2853,83.1750,-1
0.4551,0.0101,0.0362,0.1179,0.5060,153.0773,-1
0.4870,0.2362,0.0719,0.2447,0.2386,170.9778,-1
0.4817,0.4364,0.0231,0.0371,0.2324,147.7705,-1
0.6362,0.5639,0.0435,0.0652,0.5106,111.3558,-1
0.4878,0.2043,0.0599,0.1131,0.6286,119.8017,-1
0.6001,0.6866,0.0025,0.1557,0.6589,115.3426,-1
0.7720,0.8999,0.0395,0.6312,0.1003,140.4680,1
0.5754,0.7420,0.0517,0.1084,0.8427,106.0406,-1
0.5376,0.8467,0.0353,0.0978,0.1204,135.9298,1
0.6346,0.5119,0.0712,0.1543,0.3346,145.7348,-1
0.5089,0.5020,0.0152,0.0639,0.4308,156.3760,-1
0.3802,0.5996,0.0342,0.0643,0.2699,138.5851,-1
0.4675,0.2477,0.0459,0.1241,0.6444,65.2921,-1
0.5926,1.0735,0.2930,0.2604,0.7775,157.1742,1
0.1250,0.0837,0.3115,0.3207,0.0299,97.4483,-1
0.5821,0.3188,0.0548,0.1883,0.6466,119.9010,-1
0.6063,0.9468,0.0698,0.6425,0.1002,139.4865,1
0.6184,0.7797,0.0589,0.0388,0.2339,179.9399,-1
0.5750,0.9504,0.0544,0.3747,1.1083,90.5254,-1
0.1179,0.0804,0.0297,0.0773,0.0090,133.0726,-1
0.5192,0.7822,0.4590,0.7970,0.5761,97.9235,1
0.5292,0.6811,0.0184,0.1102,0.2883,108.8614,1
0.5295,0.4135,0.0215,0.1111,0.0406,102.5328,-1
0.3671,0.2762,0.0221,0.2011,0.0812,103.1933,-1
0.9170,0.3420,0.4000,0.0438,0.7428,135.1649,-1
0.3442,0.0916,0.0194,0.0433,0.1282,112.3044,-1
0.6414,0.8591,0.0438,0.0039,0.0105,123.5897,1
0.6504,0.8633,0.0547,0.1708,0.3009,138.8660,1
0.4058,0.8623,0.0461,0.4092,0.3191,150.0690,1
0.6081,0.7819,0.1103,0.0771,0.6034,122.1223,1
0.1549,0.1951,0.0733,0.1512,0.1277,74.0776,-1
0.6966,0.8895,0.0597,0.1015,0.2933,131.7899,1
0.3599,0.3616,0.0601,0.1049,0.1304,135.9493,-1
0.5020,0.2145,0.0700,0.1099,0.5381,133.1344,-1
0.3081,0.2972,0.0744,0.1168,0.4192,150.2645,-1
0.6812,0.7813,0.1724,0.2267,0.8488,160.8218,-1
0.3277,0.2811,0.0191,0.0589,0.2500,62.2540,-1
0.2589,-0.0572,-0.0117,0.1641,0.0723,94.6540,-1
0.6872,0.9978,0.0550,0.1821,0.7779,125.4619,1
0.3182,0.0111,0.0851,0.1052,0.4368,162.7449,-1
0.7321,0.8122,0.0381,0.0587,0.4768,129.6712,1
0.5560,0.7702,0.0285,0.1209,0.6212,120.5676,-1
0.8665,0.9657,0.1259,0.1364,0.5017,141.1459,1
0.5836,0.3617,0.3957,0.0553,0.8773,187.7304,-1
0.5095,0.9412,0.1426,0.6516,0.9046,139.1003,1
0.3452,0.4629,0.1617,0.3172,0.0092,214.9649,-1
0.7435,0.7687,0.0543,-0.0204,0.8621,136.5350,1
0.7804,0.8377,0.0343,0.0525,0.4686,145.7013,1
0.7020,0.4926,0.0772,0.1513,0.3253,83.1406,-1
0.5051,0.7983,0.0697,0.0938,0.3504,148.7994,1
0.3460,0.9217,0.1037,0.0160,0.2581,152.6463,-1
0.6798,0.7003,0.0299,0.1084,0.6728,147.9398,-1
0.6462,0.8631,0.0450,0.1034,0.2021,118.9067,1
0.1296,0.0490,0.0554,0.1156,0.0557,136.8999,-1
0.6662,0.5023,0.0514,0.1634,0.1616,95.6349,-1
0.7960,0.6121,0.1098,0.0604,0.7171,119.1266,1
0.1630,0.2769,0.0247,0.0836,-0.1389,127.0208,-1
0.6981,0.9242,0.1254,0.3892,0.5136,173.7754,1
0.7279,0.3642,0.0437,0.1438,0.1742,89.4592,-1
0.4096,0.0776,0.0383,0.0990,0.2948,65.7221,-1
0.5346,0.0941,0.0434,0.2115,0.3041,153.4314,-1
0.6379,0.2602,0.3547,-0.0465,0.4355,96.3800,-1
0.1755,0.0316,0.0582,0.0973,0.0070,93.6264,-1
0.4762,0.6290,0.0414,0.5171,0.8248,85.0116,-1
0.1681,0.3477,0.0273,0.1461,0.2553,64.9159,-1
0.9434,0.9198,0.0356,0.0602,0.0734,133.2604,1
0.4567,0.6758,0.0509,0.0983,0.2556,131.3062,1
0.4839,0.4862,0.0262,0.2086,0.0784,115.5848,-1
0.7070,0.9535,0.1808,0.2208,0.8464,129.8051,1
0.3376,0.0988,0.0321,0.1155,0.1278,97.7061,-1
0.5266,0.6235,0.0994,0.1355,0.0819,167.4975,1
0.5201,0.3957,0.0034,0.0826,0.3195,154.8263,-1
0.4643,0.1442,0.0120,0.1415,0.2476,142.5337,-1
0.6291,0.2714,0.0441,0.0803,0.4508,103.6177,-1
0.6204,0.9619,0.0705,0.3273,0.6079,143.8742,1
0.5642,0.7236,0.0268,0.1572,0.1897,121.0786,1
0.2449,0.0170,0.0417,0.1606,0.0894,132.3268,-1
0.7752,0.7849,0.0808,0.1166,0.8469,118.8563,1
0.2223,-0.0977,0.0205,0.0283,0.0451,78.0396,-1
0.8850,0.5617,0.0763,0.1320,1.0699,149.9386,1
0.1619,0.0547,0.0402,0.1313,0.1674,85.3265,-1
0.4983,0.4516,0.3330,0.1674,0.2598,167.2513,-1
0.6933,0.3807,0.0780,0.1511,0.1290,149.9771,-1
0.6488,0.9805,0.0607,0.1535,0.3199,143.0693,-1
0.7725,0.9329,0.2004,0.1631,0.4587,146.0562,1
0.4731,0.4805,0.0459,0.0816,0.1985,141.5098,-1
0.5509,0.1622,0.0709,0.1865,0.5141,74.6137,-1
0.4899,0.2261,0.0141,0.1003,0.3053,110.1172,-1
0.5177,0.4739,0.0368,0.4112,0.0851,148.1492,1
0.2964,0.8075,0.0579,0.2319,0.3827,178.2745,1
0.2912,0.1276,0.0439,0.0123,0.1227,110.8568,-1
0.3886,0.3716,0.0350,0.3216,0.0520,78.1885,-1
0.4781,0.1385,-0.0069,0.0633,0.2168,92.4096,-1
0.4873,0.7394,0.0747,0.0912,0.0363,98.6432,1
0.0353,-0.0142,0.0563,0.1473,0.0215,89.6127,-1
0.6721,0.7784,0.1077,0.0511,0.2714,120.8947,-1
0.5838,0.3059,0.0363,0.0771,0.6709,86.5369,-1
0.6746,0.4686,0.0741,0.1552,0.5432,89.3802,-1
0.6685,0.9813,0.0866,0.2006,0.1002,124.7396,1
0.5317,0.0068,0.0579,0.0523,0.3987,105.5255,-1
0.5056,0.2109,0.0454,0.1677,0.8735,130.8679,-1
0.9091,0.5173,0.1104,0.1004,0.6901,79.5077,-1
0.6846,0.3986,0.0736,0.1884,0.4233,74.8547,-1
0.7596,0.7715,0.1986,0.1396,0.8717,153.7030,1
0.2967,0.3099,0.0146,0.1479,0.1358,137.5905,-1
0.6804,0.8277,0.0301,0.4655,0.7291,114.3060,1
0.1723,0.0031,0.0640,0.1607,0.0976,78.5118,-1
0.6830,0.7322,0.0446,0.2835,-0.0122,147.0019,1
0.4504,0.7758,0.0866,0.2568,1.0491,131.1898,-1
0.5532,1.1500,0.0296,0.8970,0.0167,102.5767,-1
0.5749,0.8196,0.0451,0.2636,0.4717,132.6847,1
0.4342,0.6487,0.0165,0.1148,0.3129,139.1344,-1
0.6654,0.4783,0.1401,0.0817,0.8230,182.7417,-1
0.2090,0.1329,0.0092,0.1369,0.1255,72.6086,-1
0.4649,0.4843,0.0300,0.2632,0.8653,76.5280,-1
0.2869,0.1049,0.0107,0.1257,0.1206,58.9398,-1
0.6147,0.8855,0.0642,0.0953,0.4118,146.9417,1
0.2951,0.2532,0.0470,0.1184,0.1836,68.7715,-1
0.5294,0.9146,0.0251,0.1908,0.3101,132.2225,1
0.8090,0.8128,0.0581,0.1713,0.1541,98.1555,1
0.4872,0.2904,0.0744,0.1293,0.7519,119.1325,-1
0.4739,0.1453,0.0592,0.0294,0.5867,177.1660,-1
0.6117,0.8433,0.0221,0.1615,0.3996,113.0786,1
0.6275,0.1840,0.1148,0.7262,0.3221,106.3670,-1
0.8306,0.9113,0.0199,0.5480,0.8728,107.0598,1
0.4111,0.0969,0.0393,0.0554,0.2055,94.1282,-1
0.9540,0.4314,0.0799,0.0514,0.7337,100.1312,-1
0.6770,0.3600,0.0556,-0.0572,0.3122,117.0112,-1
0.7872,0.3953,0.0946,0.0786,0.1711,68.4347,-1
0.3047,0.0315,0.0379,0.0915,0.1326,91.5046,-1
0.8089,0.6280,0.3365,0.1766,0.8007,87.0418,1
0.5378,0.4602,0.0576,0.1644,0.4269,81.8562,1
0.0431,0.0583,0.0256,0.1003,0.0982,101.4561,-1
0.6520,0.7800,0.0492,0.2315,0.3946,124.6341,1
0.6159,0.3102,0.0394,0.1483,0.1444,129.7611,-1
0.3586,0.1497,0.0073,0.0986,0.1184,203.7808,-1
0.4941,0.7910,0.0509,0.0857,0.1191,101.2411,1
0.7529,0.4184,0.2663,0.3580,0.2130,57.0791,-1
0.3990,0.2074,0.0093,0.1185,0.2678,90.8135,-1
0.4192,0.7699,0.0538,0.0710,0.2157,150.1674,1
0.7789,0.9141,0.0550,0.0896,0.1629,140.2924,1
0.4466,0.1705,0.0263,0.0768,0.5948,191.9921,-1
0.3380,0.6352,0.0535,0.4335,0.8851,197.9481,-1
0.6626,0.6964,0.0164,0.0888,0.6085,119.2081,1
0.4412,0.1579,0.0749,0.2061,0.8033,101.0555,-1
0.5036,0.4929,0.0547,0.2180,0.4633,145.3263,-1
0.2597,0.1331,0.0261,0.1598,0.2059,150.5192,-1
0.5586,0.3284,0.0168,0.0499,0.3461,104.5968,-1
0.4083,0.1943,0.0442,0.1039,0.4926,94.4788,-1
0.4709,0.0927,0.0750,0.1270,0.4702,113.7066,-1
0.2373,0.1210,0.0434,0.0981,0.0943,123.4144,-1
0.1601,0.2224,0.0447,0.0739,0.2494,84.2604,-1
0.3873,0.2569,0.0389,0.0994,0.2164,86.2596,-1
0.2837,0.3887,0.0269,0.1463,0.1394,127.5366,-1
0.6412,0.7747,0.1040,0.0203,0.8135,128.1782,1
0.6201,0.6755,0.0016,0.2529,0.3035,106.1542,-1
0.3472,0.7726,0.0744,0.1749,0.1298,128.0701,-1
0.6657,0.9340,0.0568,0.0801,0.5312,155.1256,1
0.5035,0.3690,0.0325,0.0826,0.3854,138.0820,-1
0.0890,0.0340,0.0711,0.0552,-0.0054,178.4131,-1
0.5326,0.0959,0.0347,0.0989,0.7904,152.9117,-1
0.6081,0.8867,0.0429,0.3440,0.8422,128.3399,1
0.2709,0.5406,0.0531,0.0879,0.2752,83.1132,-1
0.4448,0.0289,0.0486,0.1093,0.1409,106.9235,-1
0.5526,0.5761,0.0582,0.3336,0.8649,81.5919,-1
0.4955,0.4574,0.0201,0.0907,0.1828,86.2624,-1
0.5594,0.5964,0.0380,0.0692,0.3625,112.7824,-1
0.7774,0.3830,0.2464,0.1517,0.3922,73.9557,-1
0.8680,0.4187,0.0535,0.1249,0.2749,101.7246,-1
0.7495,0.1502,0.0290,0.0939,0.4650,144.3962,-1
0.6783,0.7309,0.0229,0.0869,0.1983,98.2343,1
0.6062,0.5837,0.0634,0.1953,0.5131,118.5629,1
0.8464,0.6731,0.0270,0.0787,0.8696,113.1005,1
0.8203,0.4002,0.1365,0.1305,0.6285,93.8315,1
0.0374,0.9535,0.0448,0.6323,-0.0478,182.8114,-1
0.8515,0.7027,0.0271,0.0720,0.0235,117.3014,1
0.1136,0.7984,0.1276,0.0599,0.0328,88.4471,-1
0.1628,0.1141,0.0443,0.0325,-0.0476,125.5626,-1
0.6271,0.7422,0.0576,0.1951,0.4486,124.8783,1
0.3516,-0.0737,0.0411,0.1097,0.3937,187.0195,-1
0.6860,0.5778,0.0306,0.1547,0.4327,93.5170,1
0.6298,0.8154,0.1857,0.2699,1.0226,172.0120,-1
0.7200,0.3372,0.0859,0.0906,0.6948,157.7174,-1
0.3231,0.0145,0.0624,0.1121,0.0797,67.3391,-1
0.5384,0.3971,0.0510,0.0832,0.7424,109.9218,-1
0.8373,0.3041,0.4611,0.0983,0.6619,132.3448,-1
0.6631,0.7445,0.0466,0.2308,0.7826,121.1617,1
0.3484,0.0832,0.0829,0.1206,-0.0023,119.8974,-1
0.7719,0.6809,0.0647,0.7855,0.6138,119.9638,1
0.7543,0.6773,0.0487,0.1469,0.6499,116.1411,1
0.6479,0.9417,0.1359,0.3577,0.4822,134.8314,1
0.7577,0.4642,0.0400,0.1023,0.3618,108.9607,-1
0.2225,0.0828,0.0384,0.1054,-0.0562,71.7879,-1
0.7473,0.7513,0.0335,0.0987,0.3960,124.0537,1
0.5283,0.3951,-0.0003,0.1136,0.3884,161.7964,-1
0.4988,0.8387,0.0660,0.0782,0.2324,162.9356,1
0.7151,0.2436,0.0535,0.1537,0.2305,157.6205,-1
0.7027,0.8621,0.1285,0.1115,0.6904,75.0870,1
0.7653,0.1728,0.0375,0.1054,0.2286,140.1882,-1
0.7794,0.8331,0.1230,0.1794,0.1475,114.5733,1
0.5717,0.7831,0.0557,0.0597,0.8392,122.3642,-1
0.4684,0.5351,0.0174,0.1778,0.3491,161.9940,1
0.6468,0.8557,0.0633,0.1279,0.4025,117.3699,1
0.3027,0.6692,0.0432,0.0654,0.4694,149.7770,1
0.6852,0.6923,0.0472,0.1002,0.4159,125.1025,-1
0.8817,0.0818,0.0829,0.4511,0.2666,145.1925,-1
0.7272,0.8816,0.0761,0.0102,0.9542,123.7335,1
0.7820,0.5045,0.0329,0.2129,0.6924,107.7477,-1
0.8965,0.8203,0.0990,0.1300,0.5259,93.4141,1
0.6738,0.9904,0.1538,0.3374,0.5079,141.9622,1
0.6789,0.7586,0.0978,0.7343,0.5246,111.6892,-1
0.4066,0.4662,0.0363,0.1379,0.1274,101.2031,-1
0.6407,0.3085,0.0228,0.1194,0.6176,158.9655,-1
0.6540,0.8013,0.1416,0.2526,0.5097,144.5169,-1
0.1649,0.0457,0.0687,0.1785,0.0867,119.6447,-1
0.4484,0.5253,0.0302,0.0791,0.0737,100.9438,-1
0.4590,0.3526,0.0743,0.3473,0.6644,73.9244,-1
0.5863,0.1431,0.0648,0.0210,0.5170,109.6309,-1
0.4051,0.1847,0.0343,0.1841,0.4408,100.2554,-1
0.8842,0.3405,0.1638,0.1733,0.2161,76.1037,-1
0.8251,0.3293,0.0877,0.0961,0.5253,81.9839,-1
0.1605,0.0482,0.0421,0.1047,0.0767,182.3008,-1
0.6833,0.3387,0.0619,0.1022,0.1193,87.7608,-1
0.7006,0.7494,0.1015,0.2890,0.8565,133.3442,-1
0.6414,0.8653,0.0735,0.4121,0.7228,140.7139,1
0.6189,0.4635,0.0102,0.1155,0.3010,90.5541,-1
0.4588,0.3649,0.0350,0.1981,0.8545,121.5873,-1
0.2692,0.0038,0.0305,0.0667,0.1576,164.1458,-1
0.5648,0.7250,0.0845,0.2958,0.6023,127.0320,1
0.3769,0.9227,0.0679,0.3089,0.3355,119.0993,1
0.4837,0.3260,0.0089,0.0974,0.6349,101.5572,-1
0.7309,0.8391,0.0339,0.3121,0.7962,113.0059,1
0.5248,0.7797,0.0467,0.1184,0.5924,77.9280,1
0.7245,0.6312,0.1120,0.2396,0.7056,84.4396,1
0.6931,0.5800,0.0649,0.2468,0.8675,110.9000,1
0.5471,0.2187,0.0581,0.1011,0.4720,152.4205,-1
0.5498,0.0572,0.0707,0.0905,0.2033,116.2750,-1
0.7269,0.2842,0.0745,0.2222,0.6547,149.1598,-1
0.8287,0.7533,0.0023,0.1637,0.5994,132.1485,1
0.2891,0.1296,0.0453,0.1527,-0.0012,71.0337,-1
0.4605,0.3799,0.0020,0.1176,0.7164,89.4745,-1
0.3217,0.0529,-0.0009,0.1288,0.2973,161.0501,-1
0.5041,0.6898,0.0335,0.0374,0.4085,95.2833,-1
0.2341,0.3254,0.0601,0.1988,-0.0228,81.1183,-1
0.6905,0.9686,0.0261,0.6300,0.6434,154.9491,1
0.3909,0.9442,0.1502,0.9084,0.5803,139.5361,-1
0.4833,0.3150,0.0921,0.0767,0.4267,119.5546,-1
0.5038,0.0812,0.0356,0.1060,0.6029,124.2028,-1
0.4130,0.5353,0.0398,0.4358,0.2027,158.2066,-1
0.4601,-0.0143,0.0217,-0.0083,0.3677,90.3088,-1
0.8107,0.3583,0.0423,0.0323,0.1555,110.9891,1
0.3910,0.4428,0.0240,0.0795,0.1390,138.3374,-1
0.5371,0.6609,0.0533,0.3457,0.6218,139.8680,1
0.4904,0.5717,0.0597,0.2148,0.5274,86.3734,-1
0.3891,0.2456,0.0562,0.2485,0.7194,122.4234,-1
0.4539,0.9096,0.0660,0.2605,0.2155,123.3420,1
0.3032,0.1395,-0.0020,0.1433,0.1990,115.4907,-1
0.5131,0.1499,0.0198,0.1574,0.3222,78.4130,-1
0.2560,0.1268,0.0779,0.2054,-0.0692,67.8695,-1
0.5401,0.9324,0.0322,0.0211,0.0328,137.1417,-1
0.5102,0.0772,0.0614,0.2714,0.4941,77.7087,-1
0.4742,0.1226,0.0640,0.0883,0.3323,100.1787,-1
0.9145,0.9023,0.1188,0.5063,0.6645,137.6060,1
0.7172,0.9212,0.0350,0.1699,0.2543,109.8972,1
0.7558,0.2744,-0.0112,0.0858,0.5265,108.9233,-1
0.5611,0.2547,0.1459,0.1151,0.4621,176.8336,-1
0.5859,0.4890,0.0273,0.4815,0.1883,90.3993,1
0.0775,0.2619,0.0379,0.0687,0.0470,180.5747,-1
0.3886,0.2849,0.0162,0.0598,0.2667,136.2716,-1
0.2443,0.0663,0.0282,0.1865,0.2686,164.4325,-1
0.1875,0.1497,0.0428,0.1062,0.1978,173.2084,-1
0.8438,0.2057,0.0898,0.1796,0.3381,103.4081,-1
0.7449,0.3967,0.0482,0.4060,0.5167,94.9209,-1
0.7540,0.6404,0.1868,0.1435,0.6678,150.2135,-1
0.8273,0.6589,0.0501,0.1200,0.3518,118.8080,1
0.4728,0.3258,0.0060,0.2222,0.6033,140.7594,-1
0.3922,0.1279,0.0307,0.0496,0.6335,147.2400,-1
0.7126,0.9147,0.0762,0.0690,0.6458,92.9486,1
0.6721,0.4375,0.0537,0.1055,0.7393,110.7248,-1
0.6239,0.7622,0.0799,0.2624,0.3584,126.9853,1
0.5229,0.4922,0.0242,0.2132,0.0491,91.7035,-1
0.6715,0.6543,0.0343,0.7492,0.5231,119.9728,1
0.7300,0.6769,0.0116,0.1450,0.5910,102.5277,-1
0.6482,0.8888,0.2413,0.2120,0.7105,126.7917,1
0.7068,0.1130,0.0832,0.1198,0.4288,130.2831,-1
0.6648,0.8469,0.1777,0.2266,1.0161,152.0834,-1
0.3886,0.8106,0.0171,0.1335,0.2202,171.9568,-1
0.5974,0.0835,0.0744,0.0610,0.7834,145.7186,-1
0.7254,0.6541,0.0168,0.1518,0.7614,145.4171,1
0.6607,0.4743,0.0449,0.0863,0.0362,95.8634,1
0.1727,-0.0431,0.3332,0.1085,-0.0704,86.6228,-1
0.6632,0.3700,0.0084,0.0187,0.5719,104.7390,-1
0.6989,0.4287,0.0180,0.1607,0.6092,91.3530,-1
0.2346,0.1056,-0.0021,0.1540,0.0543,134.7908,-1
0.4399,0.7818,0.0427,0.2145,0.2666,156.8026,-1
0.3613,0.8046,0.0556,0.2694,0.3268,175.2770,-1
0.5984,0.6409,0.0782,0.1889,0.4041,148.4308,-1
0.6443,0.4441,0.1317,0.4588,0.5100,127.0932,-1
0.5058,0.0241,0.0464,0.0644,0.0354,47.1789,-1
0.4221,0.3981,0.0339,0.1208,0.2796,116.7381,-1
0.6061,0.0383,0.0630,0.2021,0.5583,118.2010,-1
0.9235,0.3231,0.3338,0.3395,0.3481,111.1846,-1
0.5842,1.0379,0.0444,0.2956,0.3537,140.1090,1
0.7713,0.4729,0.0747,0.1279,0.2941,173.5911,1
0.6343,0.5052,0.0028,0.1865,0.6438,89.8301,-1
0.3119,0.4039,0.0079,0.0651,0.3067,70.8735,-1
0.2237,0.8908,0.0275,0.7501,-0.0546,131.1360,-1
0.5907,0.6723,0.0672,0.2411,0.0456,173.7146,1
0.7012,0.6950,0.0733,0.2575,0.9074,85.7241,-1
0.7718,0.3937,0.2680,0.1271,0.2548,72.2676,-1
0.7884,0.5319,0.1164,0.1634,0.5885,91.3856,1
0.7440,0.5992,0.0657,0.1640,0.7321,175.7375,-1
0.6911,0.4035,0.0665,0.0596,0.3768,180.6966,-1
0.5958,0.3762,0.0186,0.2500,0.5517,157.2366,-1
0.4453,0.6008,0.0406,0.1894,0.5234,75.9417,-1
0.6240,0.6327,0.0731,0.1458,0.5181,132.7481,-1
0.4119,0.9954,0.1156,0.1669,0.4235,111.2730,-1
0.3305,0.2781,0.0515,0.2188,0.3114,55.0203,-1
0.4552,0.7912,0.0607,0.0281,0.2002,130.7690,1
0.6857,0.6129,0.0320,0.1404,0.6642,158.1745,-1
0.5145,0.5932,0.0312,0.4379,0.5097,138.8599,1
0.7544,0.8976,0.0464,0.1831,0.2208,94.3907,-1
0.4798,0.3087,0.0472,0.2107,0.3006,153.0409,-1
0.4524,0.6039,0.0221,0.4925,0.2735,136.8833,-1
0.8016,0.1869,0.1103,0.2224,0.3653,97.0727,-1
0.5418,0.3843,0.0151,0.1146,0.5497,117.8157,-1
0.2803,0.1886,0.0062,0.0860,0.2033,124.8402,-1
0.4937,0.8198,0.0578,0.1973,0.5134,132.3525,-1
0.3340,0.1518,0.0186,0.0730,0.4304,88.7853,-1
0.5673,0.4586,0.0396,0.6762,0.6490,114.5764,-1
0.2346,0.0604,0.0067,0.0595,0.0994,80.8735,-1
0.4797,0.1409,0.0643,0.1003,0.1086,120.2360,-1
0.5791,0.4780,0.0441,0.3121,0.5317,127.2964,-1
0.8178,0.6248,0.0232,0.0503,0.7205,125.6640,1
0.7967,0.2293,0.0060,0.1397,0.4377,103.4848,-1
0.6448,0.8393,0.1301,0.3923,0.7123,163.1925,1
0.2541,0.5362,0.1152,0.1834,0.1741,159.5752,-1
0.5369,0.9831,0.0520,0.1369,0.6096,142.1294,1
0.4426,0.6805,-0.0097,0.1687,0.4113,124.6570,-1
0.4833,0.3942,0.0309,0.3621,0.6118,129.1295,-1
0.6279,0.7637,0.0409,0.1648,0.5437,119.9161,1
0.2603,0.0567,0.0546,0.1489,0.1643,155.9208,-1
0.4455,0.7964,0.0272,0.0616,0.5419,128.3172,-1
0.6656,0.6663,0.0625,0.2570,0.6322,102.1014,1
0.4726,0.0205,0.0444,0.0236,0.1923,72.8346,-1
0.7568,0.6813,0.1455,0.0672,0.5105,135.4640,1
0.5482,0.7260,0.0120,0.1739,0.5308,79.8396,-1
0.4798,0.5980,0.0507,0.1151,0.1328,91.6244,-1
0.5127,0.2764,0.0684,0.0557,0.2807,84.4944,-1
0.7534,0.3588,0.0482,0.1963,0.7233,115.5622,-1
0.5324,0.8533,0.0446,0.0857,0.6065,179.3064,1
0.3995,0.0857,-0.0036,0.0674,0.3705,102.3994,-1
0.1978,0.1331,0.0526,0.1368,0.0010,121.2052,-1
0.1026,0.0610,0.0608,0.0411,0.0475,163.1134,-1
0.7297,1.0332,0.0247,0.7271,0.6388,129.9750,1
0.6821,0.7094,0.0292,0.1671,0.2239,141.1248,1
0.6216,0.9660,0.0343,0.0802,0.2925,128.4647,1
0.5044,-0.0511,-0.0081,0.1057,0.3298,117.8454,-1
0.3281,0.5669,0.0784,0.7493,0.9256,89.9589,-1
0.5960,0.8391,0.0240,0.3747,1.0300,91.5740,-1
0.6574,0.3504,0.0346,0.1110,0.5289,142.2655,-1
0.4890,0.1510,0.0335,0.1349,0.8726,25.1300,-1
0.5505,0.5469,0.0587,0.3144,0.8113,136.4023,-1
0.7107,0.7941,0.0497,0.0868,0.7837,118.1031,1
0.6592,0.7312,0.1729,0.0276,0.7587,113.9799,1
-0.0268,-0.0067,-0.0155,0.3461,0.0185,2.1320,-1
0.8662,0.6326,0.0568,0.0421,1.0458,129.2598,-1
0.4584,0.3541,0.0005,0.0945,0.5727,131.1414,-1
0.4097,0.1205,0.0465,0.0791,0.2241,137.1414,-1
0.2097,0.0593,0.0182,0.1370,0.2741,131.2531,-1
0.6624,0.5139,0.0851,0.1701,0.1995,85.8996,-1
0.4109,0.1194,0.0462,0.1645,0.1284,112.5482,-1
0.6461,0.6426,0.0448,0.3111,0.2046,145.2051,1
0.6038,0.3880,0.0404,0.4582,0.3556,84.9672,-1
0.3283,0.3628,-0.0017,0.0981,0.1680,77.8622,-1
0.2987,0.0564,0.0414,0.1273,0.0008,129.4828,-1
0.6233,0.4983,0.0431,0.0627,0.5119,135.1055,-1
0.5219,0.0825,0.1349,0.0879,0.1421,130.7371,-1
0.8143,0.3657,0.1275,0.1071,0.2488,84.9573,-1
0.6926,0.3276,0.0498,0.1978,0.6749,113.0986,-1
0.3564,0.0541,0.0251,0.1157,0.2411,67.0451,-1
0.4175,0.1836,0.0453,0.1408,0.3041,105.5900,-1
0.6191,0.3040,0.1638,0.1019,0.3778,164.6569,-1
0.7098,0.3307,0.0168,0.1841,0.2750,115.3931,-1
0.3094,0.0209,0.1981,0.1133,0.0382,153.1815,-1
0.1549,0.9384,0.0738,0.1384,0.0264,106.0041,-1
0.4155,0.3815,0.0541,0.0073,0.2679,145.9846,-1
0.7861,0.5934,0.0000,0.2420,0.7226,85.2740,-1
0.4815,0.0117,0.0638,0.1806,0.0786,102.1646,-1
0.7278,0.2474,0.0908,0.0955,0.1493,93.6302,-1
0.7012,1.0108,0.0294,-0.0316,0.5759,148.1094,1
0.5267,1.0551,0.2094,0.4127,0.6517,153.5137,1
0.6873,0.4113,0.0360,0.1175,1.0137,86.4889,-1
0.7741,0.7720,0.0175,0.5300,0.7356,129.7795,1
0.4946,0.3258,0.0386,0.1247,0.2527,82.9489,-1
0.5258,0.8599,0.0464,0.1349,0.0126,129.3416,-1
0.7046,0.7314,0.1065,0.1794,0.5509,129.0310,1
0.6866,0.9943,0.0869,0.9496,0.7449,128.1137,1
0.5775,-0.0064,0.0750,0.1350,0.6294,156.4406,-1
0.6745,0.6504,0.0035,0.0744,0.7138,114.2177,1
0.6126,0.2427,0.0454,0.0124,0.1892,128.4798,-1
0.4342,0.0149,0.0511,0.1766,0.5675,70.0231,-1
0.3643,0.3819,0.0156,0.2020,0.0944,60.1149,-1
0.6948,0.9468,0.0886,0.0172,0.7018,130.2789,1
0.3476,0.0261,0.0567,0.1638,0.1482,63.6487,-1
0.5668,0.2942,0.0759,0.1635,0.7004,112.2369,-1
0.3487,0.1362,0.0537,0.1093,0.2599,126.3019,-1
0.8347,0.6355,0.0421,0.1788,0.7091,129.2645,1
0.7111,0.3178,0.0226,0.2097,0.2574,71.2455,-1
0.4480,1.0136,0.1214,0.5426,0.0455,102.8537,-1
0.3313,0.4164,0.0181,0.1015,0.5548,51.3525,-1
0.6951,0.7654,0.1956,0.3113,0.0851,125.3165,1
0.5027,0.3096,0.0410,0.0677,0.6518,161.9515,-1
0.6658,0.3063,0.0037,0.1368,0.1861,107.9001,-1
0.3354,0.0835,0.0606,0.1013,0.3952,96.8005,-1
0.5104,0.8796,0.0510,0.3283,0.6259,146.0726,-1
0.4053,0.2348,0.0466,0.3667,0.3070,93.6277,-1
0.4065,-0.1232,0.0804,0.0571,0.0510,151.0295,-1
0.6394,0.5275,0.0914,0.0639,0.4670,144.5314,-1
0.6619,0.1716,0.0400,0.1669,0.6006,111.3309,-1
0.5053,0.3619,0.0625,0.4317,0.6229,97.5971,-1
0.3490,0.5633,0.9050,0.8071,0.9106,194.2211,-1
0.1903,0.0352,0.0582,0.0690,0.1110,130.1285,-1
0.7156,0.2593,-0.0020,0.1023,0.4204,103.3657,-1
0.2681,0.1680,0.0587,0.1172,0.4175,62.4240,-1
0.7588,0.6540,0.0769,0.1076,0.4525,98.7150,1
0.6894,0.2521,0.0642,0.0690,0.2296,82.6132,-1
0.2117,1.1060,0.0632,0.9493,-0.0573,69.7062,-1
0.5129,0.3346,0.0314,0.0899,0.2575,109.7273,-1
0.6911,0.2591,0.2495,-0.0118,0.4060,93.4231,1
0.1201,0.1425,0.0236,0.3244,-0.0101,113.2961,-1
0.5070,0.9641,0.1002,0.0936,0.2449,102.5773,1
0.5041,0.5848,0.0747,0.1470,0.4525,57.0270,-1
0.7515,0.0367,0.0527,0.1856,0.3515,132.7514,-1
0.7600,0.4388,0.0639,0.1487,0.5141,84.2836,-1
0.4303,0.3266,0.0202,0.0633,0.1060,81.2886,-1
0.6937,0.8545,0.0419,0.2249,0.6664,108.6514,-1
0.5534,0.4639,0.0907,0.0793,0.5989,148.6725,-1
0.7204,0.4528,0.0648,0.1802,0.6256,200.9136,-1
0.6653,0.3703,0.0322,0.1595,0.5279,130.1051,-1
0.8245,0.2553,0.0826,0.3160,0.2733,117.7516,-1
0.7722,0.6565,0.0415,0.3390,0.5602,98.1002,1
0.8056,0.3694,0.0117,0.1602,0.4342,94.1593,-1
0.7559,0.7690,0.2430,0.5988,0.4106,86.2245,1
0.8503,0.3468,0.0557,0.0893,0.7770,98.7239,-1
0.3728,0.2121,0.0375,0.2275,0.2908,63.4949,-1
0.4927,-0.1176,0.0574,0.2362,0.0648,70.3089,-1
0.5905,0.2435,0.0228,0.0762,0.3461,150.3966,-1
0.3380,0.2153,0.0509,0.1593,0.0712,108.6250,-1
-0.0367,0.0265,-0.0204,0.3192,0.0410,-7.7720,-1
